target,antibody_id,prediction,fold
Titer_g/L,GDPa1-001,138.69310000000007,0
Titer_g/L,GDPa1-006,367.7726999999998,0
Titer_g/L,GDPa1-011,264.2110999999999,0
Titer_g/L,GDPa1-016,167.74090000000007,0
Titer_g/L,GDPa1-021,260.01539999999966,0
Titer_g/L,GDPa1-026,116.20219999999999,0
Titer_g/L,GDPa1-031,242.23710000000014,0
Titer_g/L,GDPa1-036,203.84640000000002,0
Titer_g/L,GDPa1-041,65.76600000000006,0
Titer_g/L,GDPa1-046,237.9858000000002,0
Titer_g/L,GDPa1-051,302.8487999999994,0
Titer_g/L,GDPa1-056,226.7605000000001,0
Titer_g/L,GDPa1-061,240.34770000000017,0
Titer_g/L,GDPa1-066,242.48230000000015,0
Titer_g/L,GDPa1-071,203.9869,0
Titer_g/L,GDPa1-076,570.2221999999998,0
Titer_g/L,GDPa1-081,396.3347999999998,0
Titer_g/L,GDPa1-086,536.1424000000001,0
Titer_g/L,GDPa1-091,250.56509999999997,0
Titer_g/L,GDPa1-096,133.05930000000006,0
Titer_g/L,GDPa1-101,341.1434,0
Titer_g/L,GDPa1-106,51.65380000000008,0
Titer_g/L,GDPa1-111,600.4279,0
Titer_g/L,GDPa1-116,314.44269999999983,0
Titer_g/L,GDPa1-121,287.1947000000002,0
Titer_g/L,GDPa1-126,351.5744999999999,0
Titer_g/L,GDPa1-131,140.11340000000007,0
Titer_g/L,GDPa1-136,319.8536999999999,0
Titer_g/L,GDPa1-141,102.82400000000001,0
Titer_g/L,GDPa1-146,294.2945000000004,0
Titer_g/L,GDPa1-151,190.35559999999987,0
Titer_g/L,GDPa1-156,153.55229999999995,0
Titer_g/L,GDPa1-161,365.98649999999975,0
Titer_g/L,GDPa1-166,64.02120000000004,0
Titer_g/L,GDPa1-171,154.63439999999997,0
Titer_g/L,GDPa1-176,216.65610000000015,0
Titer_g/L,GDPa1-181,210.93119999999996,0
Titer_g/L,GDPa1-186,353.2409999999998,0
Titer_g/L,GDPa1-191,222.79200000000012,0
Titer_g/L,GDPa1-196,386.11509999999987,0
Titer_g/L,GDPa1-201,211.4833000000001,0
Titer_g/L,GDPa1-206,231.7711000000001,0
Titer_g/L,GDPa1-211,187.33820000000003,0
Titer_g/L,GDPa1-216,353.08539999999977,0
Titer_g/L,GDPa1-221,331.54719999999986,0
Titer_g/L,GDPa1-226,124.02039999999994,0
Titer_g/L,GDPa1-231,84.95599999999996,0
Titer_g/L,GDPa1-236,472.60359999999963,0
Titer_g/L,GDPa1-241,222.1733000000002,0
Titer_g/L,GDPa1-246,367.89649999999995,0
Titer_g/L,GDPa1-002,187.7308,1
Titer_g/L,GDPa1-007,187.3459,1
Titer_g/L,GDPa1-012,85.82990000000004,1
Titer_g/L,GDPa1-017,126.2167999999999,1
Titer_g/L,GDPa1-022,291.89250000000015,1
Titer_g/L,GDPa1-027,211.74660000000011,1
Titer_g/L,GDPa1-032,445.2818999999996,1
Titer_g/L,GDPa1-037,54.045300000000054,1
Titer_g/L,GDPa1-042,315.13529999999986,1
Titer_g/L,GDPa1-047,294.83490000000006,1
Titer_g/L,GDPa1-052,167.2086999999999,1
Titer_g/L,GDPa1-057,264.9846999999998,1
Titer_g/L,GDPa1-062,202.35099999999989,1
Titer_g/L,GDPa1-067,152.83639999999997,1
Titer_g/L,GDPa1-072,575.8432,1
Titer_g/L,GDPa1-077,376.83659999999986,1
Titer_g/L,GDPa1-082,540.1975999999996,1
Titer_g/L,GDPa1-087,153.22289999999998,1
Titer_g/L,GDPa1-092,239.94090000000023,1
Titer_g/L,GDPa1-097,293.32930000000016,1
Titer_g/L,GDPa1-102,295.3639000000003,1
Titer_g/L,GDPa1-107,302.25689999999963,1
Titer_g/L,GDPa1-112,217.77950000000016,1
Titer_g/L,GDPa1-117,213.03130000000004,1
Titer_g/L,GDPa1-122,55.42570000000007,1
Titer_g/L,GDPa1-127,151.1599,1
Titer_g/L,GDPa1-132,302.3560999999996,1
Titer_g/L,GDPa1-137,164.33479999999992,1
Titer_g/L,GDPa1-142,302.23789999999957,1
Titer_g/L,GDPa1-147,250.35890000000003,1
Titer_g/L,GDPa1-152,119.23639999999996,1
Titer_g/L,GDPa1-157,635.0978999999998,1
Titer_g/L,GDPa1-162,317.5342999999999,1
Titer_g/L,GDPa1-167,328.0863,1
Titer_g/L,GDPa1-172,187.57789999999997,1
Titer_g/L,GDPa1-177,212.09340000000012,1
Titer_g/L,GDPa1-182,166.88329999999988,1
Titer_g/L,GDPa1-187,178.3610999999999,1
Titer_g/L,GDPa1-192,168.85,1
Titer_g/L,GDPa1-197,85.051,1
Titer_g/L,GDPa1-202,189.0287,1
Titer_g/L,GDPa1-207,260.05109999999974,1
Titer_g/L,GDPa1-212,169.89519999999993,1
Titer_g/L,GDPa1-217,111.93569999999995,1
Titer_g/L,GDPa1-222,121.5617999999999,1
Titer_g/L,GDPa1-227,140.9177000000001,1
Titer_g/L,GDPa1-232,340.4827999999998,1
Titer_g/L,GDPa1-237,262.5172999999997,1
Titer_g/L,GDPa1-242,302.10449999999963,1
Titer_g/L,GDPa1-003,113.25699999999999,2
Titer_g/L,GDPa1-008,86.32700000000006,2
Titer_g/L,GDPa1-013,301.61689999999953,2
Titer_g/L,GDPa1-018,112.10869999999996,2
Titer_g/L,GDPa1-023,85.19460000000002,2
Titer_g/L,GDPa1-028,198.65999999999985,2
Titer_g/L,GDPa1-033,283.8595000000002,2
Titer_g/L,GDPa1-038,353.6492999999999,2
Titer_g/L,GDPa1-043,64.08380000000004,2
Titer_g/L,GDPa1-048,213.85650000000012,2
Titer_g/L,GDPa1-053,61.08800000000007,2
Titer_g/L,GDPa1-058,308.88199999999966,2
Titer_g/L,GDPa1-063,109.29029999999995,2
Titer_g/L,GDPa1-068,274.5128,2
Titer_g/L,GDPa1-073,259.4133999999998,2
Titer_g/L,GDPa1-078,214.31700000000004,2
Titer_g/L,GDPa1-083,86.14770000000004,2
Titer_g/L,GDPa1-088,250.4379,2
Titer_g/L,GDPa1-093,179.0593,2
Titer_g/L,GDPa1-098,152.54199999999997,2
Titer_g/L,GDPa1-103,289.7147000000001,2
Titer_g/L,GDPa1-108,293.8331000000004,2
Titer_g/L,GDPa1-113,294.8861000000004,2
Titer_g/L,GDPa1-118,164.63040000000004,2
Titer_g/L,GDPa1-123,125.28389999999995,2
Titer_g/L,GDPa1-128,224.97940000000014,2
Titer_g/L,GDPa1-133,117.68639999999999,2
Titer_g/L,GDPa1-138,133.86520000000002,2
Titer_g/L,GDPa1-143,243.3449000000002,2
Titer_g/L,GDPa1-148,153.5621999999999,2
Titer_g/L,GDPa1-153,190.12589999999992,2
Titer_g/L,GDPa1-158,502.7813999999998,2
Titer_g/L,GDPa1-163,619.8814,2
Titer_g/L,GDPa1-168,366.9982999999998,2
Titer_g/L,GDPa1-173,64.01660000000008,2
Titer_g/L,GDPa1-178,198.9741999999999,2
Titer_g/L,GDPa1-183,198.6492999999998,2
Titer_g/L,GDPa1-188,120.61209999999994,2
Titer_g/L,GDPa1-193,212.83310000000006,2
Titer_g/L,GDPa1-198,174.34669999999997,2
Titer_g/L,GDPa1-203,180.77649999999997,2
Titer_g/L,GDPa1-208,233.27160000000012,2
Titer_g/L,GDPa1-213,140.65710000000004,2
Titer_g/L,GDPa1-218,262.2657999999996,2
Titer_g/L,GDPa1-223,186.78669999999994,2
Titer_g/L,GDPa1-228,480.34179999999986,2
Titer_g/L,GDPa1-233,57.25660000000004,2
Titer_g/L,GDPa1-238,261.6214999999997,2
Titer_g/L,GDPa1-243,282.30960000000033,2
Titer_g/L,GDPa1-004,328.1097999999997,3
Titer_g/L,GDPa1-009,224.22410000000013,3
Titer_g/L,GDPa1-014,319.2222999999998,3
Titer_g/L,GDPa1-019,348.10319999999984,3
Titer_g/L,GDPa1-024,151.48110000000005,3
Titer_g/L,GDPa1-029,168.90339999999992,3
Titer_g/L,GDPa1-034,367.86339999999984,3
Titer_g/L,GDPa1-039,262.7842999999998,3
Titer_g/L,GDPa1-044,80.29790000000004,3
Titer_g/L,GDPa1-049,142.06130000000005,3
Titer_g/L,GDPa1-054,262.16819999999973,3
Titer_g/L,GDPa1-059,229.59440000000004,3
Titer_g/L,GDPa1-064,194.3957,3
Titer_g/L,GDPa1-069,204.1829999999999,3
Titer_g/L,GDPa1-074,181.1038999999999,3
Titer_g/L,GDPa1-079,294.05909999999994,3
Titer_g/L,GDPa1-084,250.66790000000003,3
Titer_g/L,GDPa1-089,84.47810000000001,3
Titer_g/L,GDPa1-094,203.922,3
Titer_g/L,GDPa1-099,303.0069999999996,3
Titer_g/L,GDPa1-104,111.05929999999996,3
Titer_g/L,GDPa1-109,111.16749999999995,3
Titer_g/L,GDPa1-114,60.07210000000005,3
Titer_g/L,GDPa1-119,124.06949999999998,3
Titer_g/L,GDPa1-124,59.676400000000086,3
Titer_g/L,GDPa1-129,151.46190000000007,3
Titer_g/L,GDPa1-134,290.66279999999983,3
Titer_g/L,GDPa1-139,101.516,3
Titer_g/L,GDPa1-144,375.8455999999998,3
Titer_g/L,GDPa1-149,56.73310000000008,3
Titer_g/L,GDPa1-154,420.0158,3
Titer_g/L,GDPa1-159,224.3549000000001,3
Titer_g/L,GDPa1-164,282.25999999999993,3
Titer_g/L,GDPa1-169,344.9646999999997,3
Titer_g/L,GDPa1-174,224.1049000000001,3
Titer_g/L,GDPa1-179,262.1030999999999,3
Titer_g/L,GDPa1-184,248.0545000000001,3
Titer_g/L,GDPa1-189,302.31189999999964,3
Titer_g/L,GDPa1-194,186.2880999999998,3
Titer_g/L,GDPa1-199,122.86779999999997,3
Titer_g/L,GDPa1-204,410.3221,3
Titer_g/L,GDPa1-209,314.78469999999976,3
Titer_g/L,GDPa1-214,203.98039999999997,3
Titer_g/L,GDPa1-219,189.1918999999999,3
Titer_g/L,GDPa1-224,227.4955,3
Titer_g/L,GDPa1-229,287.0033,3
Titer_g/L,GDPa1-234,180.77869999999996,3
Titer_g/L,GDPa1-239,202.7015999999999,3
Titer_g/L,GDPa1-244,261.4638999999998,3
Titer_g/L,GDPa1-005,314.36639999999994,4
Titer_g/L,GDPa1-010,292.4527000000003,4
Titer_g/L,GDPa1-015,376.2528999999998,4
Titer_g/L,GDPa1-020,303.07649999999956,4
Titer_g/L,GDPa1-025,395.62309999999985,4
Titer_g/L,GDPa1-030,323.05229999999983,4
Titer_g/L,GDPa1-035,110.55139999999996,4
Titer_g/L,GDPa1-040,259.19759999999974,4
Titer_g/L,GDPa1-045,407.1506999999996,4
Titer_g/L,GDPa1-050,150.0919,4
Titer_g/L,GDPa1-055,468.0150999999995,4
Titer_g/L,GDPa1-060,345.44089999999983,4
Titer_g/L,GDPa1-065,328.44869999999975,4
Titer_g/L,GDPa1-070,177.71539999999993,4
Titer_g/L,GDPa1-075,525.0645999999996,4
Titer_g/L,GDPa1-080,210.9251,4
Titer_g/L,GDPa1-085,315.5460999999998,4
Titer_g/L,GDPa1-090,141.83859999999996,4
Titer_g/L,GDPa1-095,316.22039999999976,4
Titer_g/L,GDPa1-100,79.78400000000005,4
Titer_g/L,GDPa1-105,119.8994,4
Titer_g/L,GDPa1-110,262.7213999999996,4
Titer_g/L,GDPa1-115,154.2611999999999,4
Titer_g/L,GDPa1-120,355.4174999999999,4
Titer_g/L,GDPa1-125,133.4641,4
Titer_g/L,GDPa1-130,240.1323000000001,4
Titer_g/L,GDPa1-135,264.3327999999997,4
Titer_g/L,GDPa1-140,639.2233999999996,4
Titer_g/L,GDPa1-145,87.56010000000002,4
Titer_g/L,GDPa1-150,263.1619999999997,4
Titer_g/L,GDPa1-155,263.64469999999966,4
Titer_g/L,GDPa1-160,139.16270000000003,4
Titer_g/L,GDPa1-165,345.3916999999998,4
Titer_g/L,GDPa1-170,302.4891999999995,4
Titer_g/L,GDPa1-175,295.39340000000044,4
Titer_g/L,GDPa1-180,125.87969999999994,4
Titer_g/L,GDPa1-185,181.2677,4
Titer_g/L,GDPa1-190,192.5380999999999,4
Titer_g/L,GDPa1-195,220.6945000000001,4
Titer_g/L,GDPa1-200,285.1278000000002,4
Titer_g/L,GDPa1-205,263.7130999999997,4
Titer_g/L,GDPa1-210,85.1081,4
Titer_g/L,GDPa1-215,203.4214999999999,4
Titer_g/L,GDPa1-220,240.69400000000013,4
Titer_g/L,GDPa1-225,187.51250000000007,4
Titer_g/L,GDPa1-230,357.5424,4
Titer_g/L,GDPa1-235,168.3608000000001,4
Titer_g/L,GDPa1-240,310.5090999999998,4
Titer_g/L,GDPa1-245,302.7771999999994,4
AC-SINS_pH7.4_nmol/mg,GDPa1-001,1.99625,0
AC-SINS_pH7.4_nmol/mg,GDPa1-006,26.53375,0
AC-SINS_pH7.4_nmol/mg,GDPa1-011,18.285,0
AC-SINS_pH7.4_nmol/mg,GDPa1-016,-0.9625,0
AC-SINS_pH7.4_nmol/mg,GDPa1-021,-1.36875,0
AC-SINS_pH7.4_nmol/mg,GDPa1-026,2.895625,0
AC-SINS_pH7.4_nmol/mg,GDPa1-031,-1.315,0
AC-SINS_pH7.4_nmol/mg,GDPa1-036,-0.98625,0
AC-SINS_pH7.4_nmol/mg,GDPa1-041,1.12875,0
AC-SINS_pH7.4_nmol/mg,GDPa1-046,0.1175,0
AC-SINS_pH7.4_nmol/mg,GDPa1-051,-0.375,0
AC-SINS_pH7.4_nmol/mg,GDPa1-056,0.59375,0
AC-SINS_pH7.4_nmol/mg,GDPa1-061,7.88125,0
AC-SINS_pH7.4_nmol/mg,GDPa1-066,-0.37625,0
AC-SINS_pH7.4_nmol/mg,GDPa1-071,0.6075,0
AC-SINS_pH7.4_nmol/mg,GDPa1-076,3.0775,0
AC-SINS_pH7.4_nmol/mg,GDPa1-081,2.623125,0
AC-SINS_pH7.4_nmol/mg,GDPa1-086,20.89125,0
AC-SINS_pH7.4_nmol/mg,GDPa1-091,15.13875,0
AC-SINS_pH7.4_nmol/mg,GDPa1-096,-0.9275,0
AC-SINS_pH7.4_nmol/mg,GDPa1-101,18.4825,0
AC-SINS_pH7.4_nmol/mg,GDPa1-106,4.68875,0
AC-SINS_pH7.4_nmol/mg,GDPa1-111,19.61,0
AC-SINS_pH7.4_nmol/mg,GDPa1-116,0.61625,0
AC-SINS_pH7.4_nmol/mg,GDPa1-121,27.0475,0
AC-SINS_pH7.4_nmol/mg,GDPa1-126,-0.37875,0
AC-SINS_pH7.4_nmol/mg,GDPa1-131,1.02625,0
AC-SINS_pH7.4_nmol/mg,GDPa1-136,-0.96625,0
AC-SINS_pH7.4_nmol/mg,GDPa1-141,-0.48125,0
AC-SINS_pH7.4_nmol/mg,GDPa1-146,1.991875,0
AC-SINS_pH7.4_nmol/mg,GDPa1-151,2.789375,0
AC-SINS_pH7.4_nmol/mg,GDPa1-156,-0.3825,0
AC-SINS_pH7.4_nmol/mg,GDPa1-161,-0.37875,0
AC-SINS_pH7.4_nmol/mg,GDPa1-166,2.793125,0
AC-SINS_pH7.4_nmol/mg,GDPa1-171,-0.92375,0
AC-SINS_pH7.4_nmol/mg,GDPa1-176,0.11875,0
AC-SINS_pH7.4_nmol/mg,GDPa1-181,18.525,0
AC-SINS_pH7.4_nmol/mg,GDPa1-186,12.045,0
AC-SINS_pH7.4_nmol/mg,GDPa1-191,1.10125,0
AC-SINS_pH7.4_nmol/mg,GDPa1-196,-0.37625,0
AC-SINS_pH7.4_nmol/mg,GDPa1-201,11.26,0
AC-SINS_pH7.4_nmol/mg,GDPa1-206,0.5925,0
AC-SINS_pH7.4_nmol/mg,GDPa1-211,-1.29125,0
AC-SINS_pH7.4_nmol/mg,GDPa1-216,21.585,0
AC-SINS_pH7.4_nmol/mg,GDPa1-221,0.58375,0
AC-SINS_pH7.4_nmol/mg,GDPa1-226,1.0175,0
AC-SINS_pH7.4_nmol/mg,GDPa1-231,-0.3825,0
AC-SINS_pH7.4_nmol/mg,GDPa1-236,26.4975,0
AC-SINS_pH7.4_nmol/mg,GDPa1-241,-0.38,0
AC-SINS_pH7.4_nmol/mg,GDPa1-246,26.35375,0
AC-SINS_pH7.4_nmol/mg,GDPa1-002,1.63625,1
AC-SINS_pH7.4_nmol/mg,GDPa1-007,-1.365,1
AC-SINS_pH7.4_nmol/mg,GDPa1-012,-0.91625,1
AC-SINS_pH7.4_nmol/mg,GDPa1-017,22.0125,1
AC-SINS_pH7.4_nmol/mg,GDPa1-022,14.8075,1
AC-SINS_pH7.4_nmol/mg,GDPa1-027,19.8,1
AC-SINS_pH7.4_nmol/mg,GDPa1-032,26.1175,1
AC-SINS_pH7.4_nmol/mg,GDPa1-037,-0.375,1
AC-SINS_pH7.4_nmol/mg,GDPa1-042,1.6225,1
AC-SINS_pH7.4_nmol/mg,GDPa1-047,1.64625,1
AC-SINS_pH7.4_nmol/mg,GDPa1-052,-0.91625,1
AC-SINS_pH7.4_nmol/mg,GDPa1-057,11.10625,1
AC-SINS_pH7.4_nmol/mg,GDPa1-062,11.79875,1
AC-SINS_pH7.4_nmol/mg,GDPa1-067,0.045,1
AC-SINS_pH7.4_nmol/mg,GDPa1-072,22.72625,1
AC-SINS_pH7.4_nmol/mg,GDPa1-077,15.4575,1
AC-SINS_pH7.4_nmol/mg,GDPa1-082,-0.375,1
AC-SINS_pH7.4_nmol/mg,GDPa1-087,0.03625,1
AC-SINS_pH7.4_nmol/mg,GDPa1-092,3.765,1
AC-SINS_pH7.4_nmol/mg,GDPa1-097,1.03,1
AC-SINS_pH7.4_nmol/mg,GDPa1-102,7.39,1
AC-SINS_pH7.4_nmol/mg,GDPa1-107,0.09125,1
AC-SINS_pH7.4_nmol/mg,GDPa1-112,3.33125,1
AC-SINS_pH7.4_nmol/mg,GDPa1-117,27.05875,1
AC-SINS_pH7.4_nmol/mg,GDPa1-122,0.0325,1
AC-SINS_pH7.4_nmol/mg,GDPa1-127,12.25,1
AC-SINS_pH7.4_nmol/mg,GDPa1-132,12.38375,1
AC-SINS_pH7.4_nmol/mg,GDPa1-137,-0.9175,1
AC-SINS_pH7.4_nmol/mg,GDPa1-142,1.11375,1
AC-SINS_pH7.4_nmol/mg,GDPa1-147,2.1475,1
AC-SINS_pH7.4_nmol/mg,GDPa1-152,3.665,1
AC-SINS_pH7.4_nmol/mg,GDPa1-157,21.81,1
AC-SINS_pH7.4_nmol/mg,GDPa1-162,1.1275,1
AC-SINS_pH7.4_nmol/mg,GDPa1-167,15.1325,1
AC-SINS_pH7.4_nmol/mg,GDPa1-172,0.61625,1
AC-SINS_pH7.4_nmol/mg,GDPa1-177,0.015,1
AC-SINS_pH7.4_nmol/mg,GDPa1-182,0.6225,1
AC-SINS_pH7.4_nmol/mg,GDPa1-187,0.11125,1
AC-SINS_pH7.4_nmol/mg,GDPa1-192,21.81375,1
AC-SINS_pH7.4_nmol/mg,GDPa1-197,7.74375,1
AC-SINS_pH7.4_nmol/mg,GDPa1-202,-0.92,1
AC-SINS_pH7.4_nmol/mg,GDPa1-207,7.97,1
AC-SINS_pH7.4_nmol/mg,GDPa1-212,1.13,1
AC-SINS_pH7.4_nmol/mg,GDPa1-217,1.6225,1
AC-SINS_pH7.4_nmol/mg,GDPa1-222,12.26125,1
AC-SINS_pH7.4_nmol/mg,GDPa1-227,0.095,1
AC-SINS_pH7.4_nmol/mg,GDPa1-232,9.39375,1
AC-SINS_pH7.4_nmol/mg,GDPa1-237,-0.935,1
AC-SINS_pH7.4_nmol/mg,GDPa1-242,18.3875,1
AC-SINS_pH7.4_nmol/mg,GDPa1-003,1.04625,2
AC-SINS_pH7.4_nmol/mg,GDPa1-008,3.12125,2
AC-SINS_pH7.4_nmol/mg,GDPa1-013,1.05,2
AC-SINS_pH7.4_nmol/mg,GDPa1-018,26.92875,2
AC-SINS_pH7.4_nmol/mg,GDPa1-023,1.10125,2
AC-SINS_pH7.4_nmol/mg,GDPa1-028,1.64125,2
AC-SINS_pH7.4_nmol/mg,GDPa1-033,13.73125,2
AC-SINS_pH7.4_nmol/mg,GDPa1-038,14.75375,2
AC-SINS_pH7.4_nmol/mg,GDPa1-043,15.57875,2
AC-SINS_pH7.4_nmol/mg,GDPa1-048,1.6225,2
AC-SINS_pH7.4_nmol/mg,GDPa1-053,0.0125,2
AC-SINS_pH7.4_nmol/mg,GDPa1-058,1.04125,2
AC-SINS_pH7.4_nmol/mg,GDPa1-063,15.0075,2
AC-SINS_pH7.4_nmol/mg,GDPa1-068,-0.90375,2
AC-SINS_pH7.4_nmol/mg,GDPa1-073,-0.375,2
AC-SINS_pH7.4_nmol/mg,GDPa1-078,19.1175,2
AC-SINS_pH7.4_nmol/mg,GDPa1-083,0.11625,2
AC-SINS_pH7.4_nmol/mg,GDPa1-088,20.44875,2
AC-SINS_pH7.4_nmol/mg,GDPa1-093,-0.3775,2
AC-SINS_pH7.4_nmol/mg,GDPa1-098,-0.3775,2
AC-SINS_pH7.4_nmol/mg,GDPa1-103,15.97625,2
AC-SINS_pH7.4_nmol/mg,GDPa1-108,0.11125,2
AC-SINS_pH7.4_nmol/mg,GDPa1-113,7.77375,2
AC-SINS_pH7.4_nmol/mg,GDPa1-118,-0.37875,2
AC-SINS_pH7.4_nmol/mg,GDPa1-123,24.87875,2
AC-SINS_pH7.4_nmol/mg,GDPa1-128,2.035,2
AC-SINS_pH7.4_nmol/mg,GDPa1-133,0.00625,2
AC-SINS_pH7.4_nmol/mg,GDPa1-138,20.26125,2
AC-SINS_pH7.4_nmol/mg,GDPa1-143,19.85,2
AC-SINS_pH7.4_nmol/mg,GDPa1-148,-0.9075,2
AC-SINS_pH7.4_nmol/mg,GDPa1-153,1.65625,2
AC-SINS_pH7.4_nmol/mg,GDPa1-158,0.615,2
AC-SINS_pH7.4_nmol/mg,GDPa1-163,22.2375,2
AC-SINS_pH7.4_nmol/mg,GDPa1-168,-1.39625,2
AC-SINS_pH7.4_nmol/mg,GDPa1-173,10.34125,2
AC-SINS_pH7.4_nmol/mg,GDPa1-178,-0.38,2
AC-SINS_pH7.4_nmol/mg,GDPa1-183,2.70125,2
AC-SINS_pH7.4_nmol/mg,GDPa1-188,6.8,2
AC-SINS_pH7.4_nmol/mg,GDPa1-193,6.365,2
AC-SINS_pH7.4_nmol/mg,GDPa1-198,-0.375,2
AC-SINS_pH7.4_nmol/mg,GDPa1-203,-0.89375,2
AC-SINS_pH7.4_nmol/mg,GDPa1-208,3.72625,2
AC-SINS_pH7.4_nmol/mg,GDPa1-213,26.44125,2
AC-SINS_pH7.4_nmol/mg,GDPa1-218,-0.37625,2
AC-SINS_pH7.4_nmol/mg,GDPa1-223,0.615,2
AC-SINS_pH7.4_nmol/mg,GDPa1-228,1.1125,2
AC-SINS_pH7.4_nmol/mg,GDPa1-233,7.65,2
AC-SINS_pH7.4_nmol/mg,GDPa1-238,15.57625,2
AC-SINS_pH7.4_nmol/mg,GDPa1-243,26.44,2
AC-SINS_pH7.4_nmol/mg,GDPa1-004,-0.375,3
AC-SINS_pH7.4_nmol/mg,GDPa1-009,18.05125,3
AC-SINS_pH7.4_nmol/mg,GDPa1-014,7.77,3
AC-SINS_pH7.4_nmol/mg,GDPa1-019,6.7875,3
AC-SINS_pH7.4_nmol/mg,GDPa1-024,17.8025,3
AC-SINS_pH7.4_nmol/mg,GDPa1-029,20.08625,3
AC-SINS_pH7.4_nmol/mg,GDPa1-034,14.7875,3
AC-SINS_pH7.4_nmol/mg,GDPa1-039,15.3525,3
AC-SINS_pH7.4_nmol/mg,GDPa1-044,1.12125,3
AC-SINS_pH7.4_nmol/mg,GDPa1-049,0.1125,3
AC-SINS_pH7.4_nmol/mg,GDPa1-054,-0.375,3
AC-SINS_pH7.4_nmol/mg,GDPa1-059,15.51625,3
AC-SINS_pH7.4_nmol/mg,GDPa1-064,4.54125,3
AC-SINS_pH7.4_nmol/mg,GDPa1-069,-0.47125,3
AC-SINS_pH7.4_nmol/mg,GDPa1-074,2.10875,3
AC-SINS_pH7.4_nmol/mg,GDPa1-079,1.5025,3
AC-SINS_pH7.4_nmol/mg,GDPa1-084,6.5425,3
AC-SINS_pH7.4_nmol/mg,GDPa1-089,1.1475,3
AC-SINS_pH7.4_nmol/mg,GDPa1-094,3.3725,3
AC-SINS_pH7.4_nmol/mg,GDPa1-099,2.145,3
AC-SINS_pH7.4_nmol/mg,GDPa1-104,27.35,3
AC-SINS_pH7.4_nmol/mg,GDPa1-109,-0.37875,3
AC-SINS_pH7.4_nmol/mg,GDPa1-114,-0.38125,3
AC-SINS_pH7.4_nmol/mg,GDPa1-119,0.0125,3
AC-SINS_pH7.4_nmol/mg,GDPa1-124,15.47125,3
AC-SINS_pH7.4_nmol/mg,GDPa1-129,12.135,3
AC-SINS_pH7.4_nmol/mg,GDPa1-134,-0.3825,3
AC-SINS_pH7.4_nmol/mg,GDPa1-139,0.5925,3
AC-SINS_pH7.4_nmol/mg,GDPa1-144,0.61,3
AC-SINS_pH7.4_nmol/mg,GDPa1-149,0.0225,3
AC-SINS_pH7.4_nmol/mg,GDPa1-154,12.415,3
AC-SINS_pH7.4_nmol/mg,GDPa1-159,0.01375,3
AC-SINS_pH7.4_nmol/mg,GDPa1-164,3.24,3
AC-SINS_pH7.4_nmol/mg,GDPa1-169,12.48375,3
AC-SINS_pH7.4_nmol/mg,GDPa1-174,3.10375,3
AC-SINS_pH7.4_nmol/mg,GDPa1-179,-1.3275,3
AC-SINS_pH7.4_nmol/mg,GDPa1-184,-0.3775,3
AC-SINS_pH7.4_nmol/mg,GDPa1-189,3.3975,3
AC-SINS_pH7.4_nmol/mg,GDPa1-194,3.2425,3
AC-SINS_pH7.4_nmol/mg,GDPa1-199,0.6075,3
AC-SINS_pH7.4_nmol/mg,GDPa1-204,15.71625,3
AC-SINS_pH7.4_nmol/mg,GDPa1-209,2.0875,3
AC-SINS_pH7.4_nmol/mg,GDPa1-214,3.2475,3
AC-SINS_pH7.4_nmol/mg,GDPa1-219,15.5675,3
AC-SINS_pH7.4_nmol/mg,GDPa1-224,10.12625,3
AC-SINS_pH7.4_nmol/mg,GDPa1-229,8.6075,3
AC-SINS_pH7.4_nmol/mg,GDPa1-234,14.79,3
AC-SINS_pH7.4_nmol/mg,GDPa1-239,-0.37875,3
AC-SINS_pH7.4_nmol/mg,GDPa1-244,-1.315,3
AC-SINS_pH7.4_nmol/mg,GDPa1-005,6.8625,4
AC-SINS_pH7.4_nmol/mg,GDPa1-010,-0.4375,4
AC-SINS_pH7.4_nmol/mg,GDPa1-015,2.5825,4
AC-SINS_pH7.4_nmol/mg,GDPa1-020,0.625,4
AC-SINS_pH7.4_nmol/mg,GDPa1-025,26.555,4
AC-SINS_pH7.4_nmol/mg,GDPa1-030,0.10625,4
AC-SINS_pH7.4_nmol/mg,GDPa1-035,-1.375,4
AC-SINS_pH7.4_nmol/mg,GDPa1-040,0.04375,4
AC-SINS_pH7.4_nmol/mg,GDPa1-045,15.7325,4
AC-SINS_pH7.4_nmol/mg,GDPa1-050,17.75375,4
AC-SINS_pH7.4_nmol/mg,GDPa1-055,3.1825,4
AC-SINS_pH7.4_nmol/mg,GDPa1-060,1.6175,4
AC-SINS_pH7.4_nmol/mg,GDPa1-065,-0.42625,4
AC-SINS_pH7.4_nmol/mg,GDPa1-070,0.12625,4
AC-SINS_pH7.4_nmol/mg,GDPa1-075,11.3375,4
AC-SINS_pH7.4_nmol/mg,GDPa1-080,1.10625,4
AC-SINS_pH7.4_nmol/mg,GDPa1-085,-0.42625,4
AC-SINS_pH7.4_nmol/mg,GDPa1-090,0.6025,4
AC-SINS_pH7.4_nmol/mg,GDPa1-095,1.0575,4
AC-SINS_pH7.4_nmol/mg,GDPa1-100,-1.36,4
AC-SINS_pH7.4_nmol/mg,GDPa1-105,-0.3875,4
AC-SINS_pH7.4_nmol/mg,GDPa1-110,1.06125,4
AC-SINS_pH7.4_nmol/mg,GDPa1-115,-0.3875,4
AC-SINS_pH7.4_nmol/mg,GDPa1-120,26.75375,4
AC-SINS_pH7.4_nmol/mg,GDPa1-125,7.96875,4
AC-SINS_pH7.4_nmol/mg,GDPa1-130,-0.4,4
AC-SINS_pH7.4_nmol/mg,GDPa1-135,1.11625,4
AC-SINS_pH7.4_nmol/mg,GDPa1-140,21.6675,4
AC-SINS_pH7.4_nmol/mg,GDPa1-145,15.4725,4
AC-SINS_pH7.4_nmol/mg,GDPa1-150,1.0425,4
AC-SINS_pH7.4_nmol/mg,GDPa1-155,0.6075,4
AC-SINS_pH7.4_nmol/mg,GDPa1-160,14.96125,4
AC-SINS_pH7.4_nmol/mg,GDPa1-165,7.24,4
AC-SINS_pH7.4_nmol/mg,GDPa1-170,-0.37875,4
AC-SINS_pH7.4_nmol/mg,GDPa1-175,-0.37875,4
AC-SINS_pH7.4_nmol/mg,GDPa1-180,-0.915,4
AC-SINS_pH7.4_nmol/mg,GDPa1-185,-0.375,4
AC-SINS_pH7.4_nmol/mg,GDPa1-190,7.56125,4
AC-SINS_pH7.4_nmol/mg,GDPa1-195,26.30875,4
AC-SINS_pH7.4_nmol/mg,GDPa1-200,0.12125,4
AC-SINS_pH7.4_nmol/mg,GDPa1-205,2.625,4
AC-SINS_pH7.4_nmol/mg,GDPa1-210,26.87125,4
AC-SINS_pH7.4_nmol/mg,GDPa1-215,3.765,4
AC-SINS_pH7.4_nmol/mg,GDPa1-220,26.35875,4
AC-SINS_pH7.4_nmol/mg,GDPa1-225,2.08125,4
AC-SINS_pH7.4_nmol/mg,GDPa1-230,1.035,4
AC-SINS_pH7.4_nmol/mg,GDPa1-235,0.01375,4
AC-SINS_pH7.4_nmol/mg,GDPa1-240,0.01375,4
AC-SINS_pH7.4_nmol/mg,GDPa1-245,0.61625,4
HIC_delta_G_ML,GDPa1-001,2.5855000000000015,0
HIC_delta_G_ML,GDPa1-006,2.4622499999999996,0
HIC_delta_G_ML,GDPa1-011,2.8201499999999995,0
HIC_delta_G_ML,GDPa1-016,2.4623500000000003,0
HIC_delta_G_ML,GDPa1-021,2.7317500000000012,0
HIC_delta_G_ML,GDPa1-026,2.8263500000000006,0
HIC_delta_G_ML,GDPa1-031,3.011550000000001,0
HIC_delta_G_ML,GDPa1-036,2.570399999999999,0
HIC_delta_G_ML,GDPa1-041,2.7337500000000023,0
HIC_delta_G_ML,GDPa1-046,2.692449999999999,0
HIC_delta_G_ML,GDPa1-051,2.4521499999999987,0
HIC_delta_G_ML,GDPa1-056,2.6685999999999983,0
HIC_delta_G_ML,GDPa1-061,2.9702499999999983,0
HIC_delta_G_ML,GDPa1-066,2.50465,0
HIC_delta_G_ML,GDPa1-071,2.7923499999999994,0
HIC_delta_G_ML,GDPa1-076,3.64165,0
HIC_delta_G_ML,GDPa1-081,2.8669500000000014,0
HIC_delta_G_ML,GDPa1-086,2.9805500000000014,0
HIC_delta_G_ML,GDPa1-091,2.5727999999999995,0
HIC_delta_G_ML,GDPa1-096,2.5388,0
HIC_delta_G_ML,GDPa1-101,3.6592499999999997,0
HIC_delta_G_ML,GDPa1-106,3.271199999999999,0
HIC_delta_G_ML,GDPa1-111,2.7573000000000003,0
HIC_delta_G_ML,GDPa1-116,2.4629,0
HIC_delta_G_ML,GDPa1-121,2.4985500000000003,0
HIC_delta_G_ML,GDPa1-126,3.0542000000000025,0
HIC_delta_G_ML,GDPa1-131,2.69565,0
HIC_delta_G_ML,GDPa1-136,2.573349999999999,0
HIC_delta_G_ML,GDPa1-141,2.7102500000000003,0
HIC_delta_G_ML,GDPa1-146,2.7526500000000005,0
HIC_delta_G_ML,GDPa1-151,2.813599999999999,0
HIC_delta_G_ML,GDPa1-156,2.9320000000000004,0
HIC_delta_G_ML,GDPa1-161,2.7567000000000004,0
HIC_delta_G_ML,GDPa1-166,3.081699999999999,0
HIC_delta_G_ML,GDPa1-171,2.7480000000000007,0
HIC_delta_G_ML,GDPa1-176,2.5385999999999975,0
HIC_delta_G_ML,GDPa1-181,2.6082000000000005,0
HIC_delta_G_ML,GDPa1-186,2.6675999999999997,0
HIC_delta_G_ML,GDPa1-191,3.3775500000000007,0
HIC_delta_G_ML,GDPa1-196,2.5691499999999996,0
HIC_delta_G_ML,GDPa1-201,2.571599999999999,0
HIC_delta_G_ML,GDPa1-206,2.607400000000001,0
HIC_delta_G_ML,GDPa1-211,2.5322500000000003,0
HIC_delta_G_ML,GDPa1-216,2.46275,0
HIC_delta_G_ML,GDPa1-221,2.7833500000000004,0
HIC_delta_G_ML,GDPa1-226,2.541749999999997,0
HIC_delta_G_ML,GDPa1-231,2.9811000000000005,0
HIC_delta_G_ML,GDPa1-236,3.0297,0
HIC_delta_G_ML,GDPa1-241,3.1715499999999985,0
HIC_delta_G_ML,GDPa1-246,2.5304999999999978,0
HIC_delta_G_ML,GDPa1-002,2.5421499999999972,1
HIC_delta_G_ML,GDPa1-007,2.453049999999998,1
HIC_delta_G_ML,GDPa1-012,2.4764000000000004,1
HIC_delta_G_ML,GDPa1-017,2.631649999999999,1
HIC_delta_G_ML,GDPa1-022,2.7144500000000034,1
HIC_delta_G_ML,GDPa1-027,2.597750000000001,1
HIC_delta_G_ML,GDPa1-032,2.5786999999999995,1
HIC_delta_G_ML,GDPa1-037,2.714200000000004,1
HIC_delta_G_ML,GDPa1-042,3.1861,1
HIC_delta_G_ML,GDPa1-047,2.4582499999999996,1
HIC_delta_G_ML,GDPa1-052,2.5864500000000006,1
HIC_delta_G_ML,GDPa1-057,2.4566499999999993,1
HIC_delta_G_ML,GDPa1-062,2.78455,1
HIC_delta_G_ML,GDPa1-067,3.3926999999999974,1
HIC_delta_G_ML,GDPa1-072,2.7879999999999994,1
HIC_delta_G_ML,GDPa1-077,2.829150000000001,1
HIC_delta_G_ML,GDPa1-082,2.65695,1
HIC_delta_G_ML,GDPa1-087,3.0613000000000015,1
HIC_delta_G_ML,GDPa1-092,2.9800500000000016,1
HIC_delta_G_ML,GDPa1-097,3.396850000000001,1
HIC_delta_G_ML,GDPa1-102,3.1823499999999996,1
HIC_delta_G_ML,GDPa1-107,2.7908999999999997,1
HIC_delta_G_ML,GDPa1-112,2.632849999999998,1
HIC_delta_G_ML,GDPa1-117,3.0798999999999994,1
HIC_delta_G_ML,GDPa1-122,3.4070000000000005,1
HIC_delta_G_ML,GDPa1-127,3.7379000000000002,1
HIC_delta_G_ML,GDPa1-132,2.9710499999999995,1
HIC_delta_G_ML,GDPa1-137,2.494149999999999,1
HIC_delta_G_ML,GDPa1-142,2.814050000000001,1
HIC_delta_G_ML,GDPa1-147,3.025150000000002,1
HIC_delta_G_ML,GDPa1-152,2.8144500000000012,1
HIC_delta_G_ML,GDPa1-157,2.9597000000000007,1
HIC_delta_G_ML,GDPa1-162,2.6148000000000007,1
HIC_delta_G_ML,GDPa1-167,2.8154000000000012,1
HIC_delta_G_ML,GDPa1-172,2.555249999999999,1
HIC_delta_G_ML,GDPa1-177,2.568449999999998,1
HIC_delta_G_ML,GDPa1-182,3.0609500000000014,1
HIC_delta_G_ML,GDPa1-187,2.631549999999999,1
HIC_delta_G_ML,GDPa1-192,2.6433999999999984,1
HIC_delta_G_ML,GDPa1-197,2.994700000000002,1
HIC_delta_G_ML,GDPa1-202,3.1129999999999995,1
HIC_delta_G_ML,GDPa1-207,3.17745,1
HIC_delta_G_ML,GDPa1-212,2.618750000000002,1
HIC_delta_G_ML,GDPa1-217,2.9922500000000025,1
HIC_delta_G_ML,GDPa1-222,2.8865500000000015,1
HIC_delta_G_ML,GDPa1-227,2.6626000000000003,1
HIC_delta_G_ML,GDPa1-232,3.068200000000002,1
HIC_delta_G_ML,GDPa1-237,2.5793000000000013,1
HIC_delta_G_ML,GDPa1-242,2.499399999999999,1
HIC_delta_G_ML,GDPa1-003,2.70375,2
HIC_delta_G_ML,GDPa1-008,2.5336499999999984,2
HIC_delta_G_ML,GDPa1-013,2.727350000000003,2
HIC_delta_G_ML,GDPa1-018,3.077650000000001,2
HIC_delta_G_ML,GDPa1-023,3.188350000000001,2
HIC_delta_G_ML,GDPa1-028,2.6916,2
HIC_delta_G_ML,GDPa1-033,2.5021500000000008,2
HIC_delta_G_ML,GDPa1-038,2.661049999999999,2
HIC_delta_G_ML,GDPa1-043,3.4461500000000003,2
HIC_delta_G_ML,GDPa1-048,2.506499999999999,2
HIC_delta_G_ML,GDPa1-053,2.4791499999999997,2
HIC_delta_G_ML,GDPa1-058,2.5344999999999973,2
HIC_delta_G_ML,GDPa1-063,2.905249999999999,2
HIC_delta_G_ML,GDPa1-068,2.6179000000000006,2
HIC_delta_G_ML,GDPa1-073,2.7884499999999988,2
HIC_delta_G_ML,GDPa1-078,2.4832000000000014,2
HIC_delta_G_ML,GDPa1-083,2.7692999999999994,2
HIC_delta_G_ML,GDPa1-088,2.5569499999999996,2
HIC_delta_G_ML,GDPa1-093,3.423750000000001,2
HIC_delta_G_ML,GDPa1-098,2.4771499999999995,2
HIC_delta_G_ML,GDPa1-103,3.1961500000000007,2
HIC_delta_G_ML,GDPa1-108,2.631899999999998,2
HIC_delta_G_ML,GDPa1-113,3.18945,2
HIC_delta_G_ML,GDPa1-118,2.6180500000000007,2
HIC_delta_G_ML,GDPa1-123,2.451149999999999,2
HIC_delta_G_ML,GDPa1-128,2.511749999999998,2
HIC_delta_G_ML,GDPa1-133,2.7156000000000007,2
HIC_delta_G_ML,GDPa1-138,2.6729,2
HIC_delta_G_ML,GDPa1-143,2.45085,2
HIC_delta_G_ML,GDPa1-148,2.754549999999999,2
HIC_delta_G_ML,GDPa1-153,2.946550000000002,2
HIC_delta_G_ML,GDPa1-158,2.8402500000000015,2
HIC_delta_G_ML,GDPa1-163,2.5150999999999986,2
HIC_delta_G_ML,GDPa1-168,2.570149999999998,2
HIC_delta_G_ML,GDPa1-173,2.8441500000000013,2
HIC_delta_G_ML,GDPa1-178,2.5386999999999977,2
HIC_delta_G_ML,GDPa1-183,2.8342500000000013,2
HIC_delta_G_ML,GDPa1-188,3.364450000000001,2
HIC_delta_G_ML,GDPa1-193,2.8685000000000027,2
HIC_delta_G_ML,GDPa1-198,2.6193500000000016,2
HIC_delta_G_ML,GDPa1-203,2.7460499999999994,2
HIC_delta_G_ML,GDPa1-208,2.961850000000002,2
HIC_delta_G_ML,GDPa1-213,2.6328499999999972,2
HIC_delta_G_ML,GDPa1-218,2.6893999999999987,2
HIC_delta_G_ML,GDPa1-223,3.0992,2
HIC_delta_G_ML,GDPa1-228,2.4995499999999997,2
HIC_delta_G_ML,GDPa1-233,3.1407,2
HIC_delta_G_ML,GDPa1-238,2.586850000000002,2
HIC_delta_G_ML,GDPa1-243,3.945550000000001,2
HIC_delta_G_ML,GDPa1-004,2.5691499999999987,3
HIC_delta_G_ML,GDPa1-009,2.6701500000000005,3
HIC_delta_G_ML,GDPa1-014,3.8176500000000027,3
HIC_delta_G_ML,GDPa1-019,2.7938999999999994,3
HIC_delta_G_ML,GDPa1-024,2.4452000000000003,3
HIC_delta_G_ML,GDPa1-029,2.758049999999999,3
HIC_delta_G_ML,GDPa1-034,2.865450000000004,3
HIC_delta_G_ML,GDPa1-039,3.093300000000002,3
HIC_delta_G_ML,GDPa1-044,2.81705,3
HIC_delta_G_ML,GDPa1-049,2.864250000000002,3
HIC_delta_G_ML,GDPa1-054,2.576450000000001,3
HIC_delta_G_ML,GDPa1-059,2.7409999999999997,3
HIC_delta_G_ML,GDPa1-064,2.632449999999998,3
HIC_delta_G_ML,GDPa1-069,2.911400000000002,3
HIC_delta_G_ML,GDPa1-074,3.5257000000000023,3
HIC_delta_G_ML,GDPa1-079,2.583800000000001,3
HIC_delta_G_ML,GDPa1-084,3.3881499999999987,3
HIC_delta_G_ML,GDPa1-089,3.7986500000000025,3
HIC_delta_G_ML,GDPa1-094,2.5856,3
HIC_delta_G_ML,GDPa1-099,2.5421999999999993,3
HIC_delta_G_ML,GDPa1-104,3.1819000000000024,3
HIC_delta_G_ML,GDPa1-109,2.9461000000000013,3
HIC_delta_G_ML,GDPa1-114,3.1746999999999996,3
HIC_delta_G_ML,GDPa1-119,2.5747999999999984,3
HIC_delta_G_ML,GDPa1-124,2.5018999999999987,3
HIC_delta_G_ML,GDPa1-129,2.556400000000001,3
HIC_delta_G_ML,GDPa1-134,2.6892750000000003,3
HIC_delta_G_ML,GDPa1-139,2.656,3
HIC_delta_G_ML,GDPa1-144,2.688325,3
HIC_delta_G_ML,GDPa1-149,2.7326250000000023,3
HIC_delta_G_ML,GDPa1-154,2.859600000000002,3
HIC_delta_G_ML,GDPa1-159,2.6320999999999986,3
HIC_delta_G_ML,GDPa1-164,2.8996499999999994,3
HIC_delta_G_ML,GDPa1-169,3.1789500000000017,3
HIC_delta_G_ML,GDPa1-174,2.7994000000000003,3
HIC_delta_G_ML,GDPa1-179,2.4785999999999997,3
HIC_delta_G_ML,GDPa1-184,2.9074500000000008,3
HIC_delta_G_ML,GDPa1-189,3.177850000000001,3
HIC_delta_G_ML,GDPa1-194,3.0522500000000012,3
HIC_delta_G_ML,GDPa1-199,2.5734499999999985,3
HIC_delta_G_ML,GDPa1-204,2.8685500000000013,3
HIC_delta_G_ML,GDPa1-209,3.057100000000001,3
HIC_delta_G_ML,GDPa1-214,3.0324499999999994,3
HIC_delta_G_ML,GDPa1-219,2.4581999999999997,3
HIC_delta_G_ML,GDPa1-224,3.0815,3
HIC_delta_G_ML,GDPa1-229,2.868400000000003,3
HIC_delta_G_ML,GDPa1-234,3.0952500000000014,3
HIC_delta_G_ML,GDPa1-239,2.7817249999999984,3
HIC_delta_G_ML,GDPa1-244,2.5853,3
HIC_delta_G_ML,GDPa1-005,2.4948999999999995,4
HIC_delta_G_ML,GDPa1-010,3.17755,4
HIC_delta_G_ML,GDPa1-015,3.136100000000001,4
HIC_delta_G_ML,GDPa1-020,2.9121000000000006,4
HIC_delta_G_ML,GDPa1-025,2.82625,4
HIC_delta_G_ML,GDPa1-030,4.09825,4
HIC_delta_G_ML,GDPa1-035,2.6178500000000016,4
HIC_delta_G_ML,GDPa1-040,3.152350000000002,4
HIC_delta_G_ML,GDPa1-045,3.3179500000000015,4
HIC_delta_G_ML,GDPa1-050,2.8866000000000027,4
HIC_delta_G_ML,GDPa1-055,2.734450000000003,4
HIC_delta_G_ML,GDPa1-060,2.7098500000000025,4
HIC_delta_G_ML,GDPa1-065,2.865750000000002,4
HIC_delta_G_ML,GDPa1-070,2.842900000000003,4
HIC_delta_G_ML,GDPa1-075,2.544049999999999,4
HIC_delta_G_ML,GDPa1-080,2.6922,4
HIC_delta_G_ML,GDPa1-085,2.6176500000000016,4
HIC_delta_G_ML,GDPa1-090,3.083000000000002,4
HIC_delta_G_ML,GDPa1-095,2.456300000000001,4
HIC_delta_G_ML,GDPa1-100,2.5302999999999987,4
HIC_delta_G_ML,GDPa1-105,3.024750000000002,4
HIC_delta_G_ML,GDPa1-110,2.7350500000000024,4
HIC_delta_G_ML,GDPa1-115,2.970499999999999,4
HIC_delta_G_ML,GDPa1-120,2.6165499999999997,4
HIC_delta_G_ML,GDPa1-125,3.8418500000000004,4
HIC_delta_G_ML,GDPa1-130,2.9742999999999995,4
HIC_delta_G_ML,GDPa1-135,2.9420500000000005,4
HIC_delta_G_ML,GDPa1-140,2.734450000000002,4
HIC_delta_G_ML,GDPa1-145,2.4600500000000007,4
HIC_delta_G_ML,GDPa1-150,2.7382500000000034,4
HIC_delta_G_ML,GDPa1-155,2.7374500000000035,4
HIC_delta_G_ML,GDPa1-160,2.5337999999999985,4
HIC_delta_G_ML,GDPa1-165,2.5069500000000002,4
HIC_delta_G_ML,GDPa1-170,2.6106000000000007,4
HIC_delta_G_ML,GDPa1-175,2.819849999999999,4
HIC_delta_G_ML,GDPa1-180,2.9071000000000016,4
HIC_delta_G_ML,GDPa1-185,2.5142499999999988,4
HIC_delta_G_ML,GDPa1-190,2.8451500000000025,4
HIC_delta_G_ML,GDPa1-195,2.670549999999999,4
HIC_delta_G_ML,GDPa1-200,2.4954,4
HIC_delta_G_ML,GDPa1-205,2.8411500000000016,4
HIC_delta_G_ML,GDPa1-210,3.1821000000000015,4
HIC_delta_G_ML,GDPa1-215,3.0634500000000027,4
HIC_delta_G_ML,GDPa1-220,2.576799999999998,4
HIC_delta_G_ML,GDPa1-225,2.6210000000000018,4
HIC_delta_G_ML,GDPa1-230,2.6743999999999994,4
HIC_delta_G_ML,GDPa1-235,2.450149999999999,4
HIC_delta_G_ML,GDPa1-240,3.0984000000000003,4
HIC_delta_G_ML,GDPa1-245,2.6630999999999987,4
PR_CHO,GDPa1-001,0.33164236842,0
PR_CHO,GDPa1-006,0.3308796673199999,0
PR_CHO,GDPa1-011,0.17047830518999998,0
PR_CHO,GDPa1-016,0.10677661039,0
PR_CHO,GDPa1-021,0.00017078399,0
PR_CHO,GDPa1-026,0.10590934773999995,0
PR_CHO,GDPa1-031,0.14080795516000003,0
PR_CHO,GDPa1-036,0.20630683872000005,0
PR_CHO,GDPa1-041,0.10501412418000003,0
PR_CHO,GDPa1-046,0.10122575674000002,0
PR_CHO,GDPa1-051,0.05175285271,0
PR_CHO,GDPa1-056,0.0,0
PR_CHO,GDPa1-061,0.0011954879299999998,0
PR_CHO,GDPa1-066,0.11097735056999994,0
PR_CHO,GDPa1-071,0.0,0
PR_CHO,GDPa1-076,0.10178693747999999,0
PR_CHO,GDPa1-081,0.10094535722000003,0
PR_CHO,GDPa1-086,0.00047564344,0
PR_CHO,GDPa1-091,0.44717089035000007,0
PR_CHO,GDPa1-096,0.0,0
PR_CHO,GDPa1-101,0.18704855105999993,0
PR_CHO,GDPa1-106,0.10516543864000004,0
PR_CHO,GDPa1-111,0.39512956674000016,0
PR_CHO,GDPa1-116,0.20312945000000007,0
PR_CHO,GDPa1-121,0.10166195742000003,0
PR_CHO,GDPa1-126,0.13915878197,0
PR_CHO,GDPa1-131,0.10603334625000001,0
PR_CHO,GDPa1-136,0.0,0
PR_CHO,GDPa1-141,0.10620006903,0
PR_CHO,GDPa1-146,0.10269615048999996,0
PR_CHO,GDPa1-151,0.1962332354299999,0
PR_CHO,GDPa1-156,0.3306689914799999,0
PR_CHO,GDPa1-161,0.10116848258000001,0
PR_CHO,GDPa1-166,0.10648925308000001,0
PR_CHO,GDPa1-171,0.00017078399,0
PR_CHO,GDPa1-176,0.3516724059899998,0
PR_CHO,GDPa1-181,0.2982385335899999,0
PR_CHO,GDPa1-186,0.00047564344,0
PR_CHO,GDPa1-191,0.3220128124599999,0
PR_CHO,GDPa1-196,0.0,0
PR_CHO,GDPa1-201,0.00017078399,0
PR_CHO,GDPa1-206,0.18932705444000011,0
PR_CHO,GDPa1-211,0.00017078399,0
PR_CHO,GDPa1-216,0.26698153510000006,0
PR_CHO,GDPa1-221,0.0,0
PR_CHO,GDPa1-226,0.18401990055000003,0
PR_CHO,GDPa1-231,0.10515447384999996,0
PR_CHO,GDPa1-236,0.42434432928000004,0
PR_CHO,GDPa1-241,0.00034156798,0
PR_CHO,GDPa1-246,0.1377783567100002,0
PR_CHO,GDPa1-002,0.20836249261999995,1
PR_CHO,GDPa1-007,0.1712219905399999,1
PR_CHO,GDPa1-012,0.17065219689999986,1
PR_CHO,GDPa1-017,0.17301389321999994,1
PR_CHO,GDPa1-022,0.3354393547599998,1
PR_CHO,GDPa1-027,0.39642318339999993,1
PR_CHO,GDPa1-032,0.3420876459199997,1
PR_CHO,GDPa1-037,0.17017814621999985,1
PR_CHO,GDPa1-042,0.00102470394,1
PR_CHO,GDPa1-047,0.35610243896999977,1
PR_CHO,GDPa1-052,0.00085391995,1
PR_CHO,GDPa1-057,0.00034156798,1
PR_CHO,GDPa1-062,0.23762988796000006,1
PR_CHO,GDPa1-067,0.0017078398999999997,1
PR_CHO,GDPa1-072,0.4476487852100001,1
PR_CHO,GDPa1-077,0.24666938206999997,1
PR_CHO,GDPa1-082,0.00068313596,1
PR_CHO,GDPa1-087,0.10076265032999998,1
PR_CHO,GDPa1-092,0.44103651594000015,1
PR_CHO,GDPa1-097,0.10140515357999996,1
PR_CHO,GDPa1-102,0.10137037455500003,1
PR_CHO,GDPa1-107,0.2186943219799999,1
PR_CHO,GDPa1-112,0.14178605632999988,1
PR_CHO,GDPa1-117,0.4462260955800002,1
PR_CHO,GDPa1-122,0.1722362120699999,1
PR_CHO,GDPa1-127,0.43957148601,1
PR_CHO,GDPa1-132,0.31786672997000004,1
PR_CHO,GDPa1-137,0.3961560574799999,1
PR_CHO,GDPa1-142,0.10199000931000005,1
PR_CHO,GDPa1-147,0.35914958569999983,1
PR_CHO,GDPa1-152,0.17170468003999978,1
PR_CHO,GDPa1-157,0.11958548689999994,1
PR_CHO,GDPa1-162,0.10226114720999999,1
PR_CHO,GDPa1-167,0.4398270495400001,1
PR_CHO,GDPa1-172,0.10054461007000008,1
PR_CHO,GDPa1-177,0.0,1
PR_CHO,GDPa1-182,0.00034156798,1
PR_CHO,GDPa1-187,0.0,1
PR_CHO,GDPa1-192,0.35848929943999996,1
PR_CHO,GDPa1-197,0.17103503229999995,1
PR_CHO,GDPa1-202,0.0017078398999999997,1
PR_CHO,GDPa1-207,0.35158133322999985,1
PR_CHO,GDPa1-212,0.10084525267000004,1
PR_CHO,GDPa1-217,0.17011069129999995,1
PR_CHO,GDPa1-222,0.1708524615999999,1
PR_CHO,GDPa1-227,0.3326651097699999,1
PR_CHO,GDPa1-232,0.0015370559099999997,1
PR_CHO,GDPa1-237,0.16843706589999993,1
PR_CHO,GDPa1-242,0.3350093605099998,1
PR_CHO,GDPa1-003,0.1427685069900001,2
PR_CHO,GDPa1-008,0.11880857343999995,2
PR_CHO,GDPa1-013,0.00057784628,2
PR_CHO,GDPa1-018,0.11850782678999996,2
PR_CHO,GDPa1-023,0.11873200866999996,2
PR_CHO,GDPa1-028,0.11847987715999996,2
PR_CHO,GDPa1-033,0.4631250754300001,2
PR_CHO,GDPa1-038,0.37771745939000007,2
PR_CHO,GDPa1-043,0.11780921334000002,2
PR_CHO,GDPa1-048,0.0,2
PR_CHO,GDPa1-053,0.11883590089999993,2
PR_CHO,GDPa1-058,0.20386537829000007,2
PR_CHO,GDPa1-063,0.16682244347,2
PR_CHO,GDPa1-068,0.0,2
PR_CHO,GDPa1-073,0.0,2
PR_CHO,GDPa1-078,0.14278476821000008,2
PR_CHO,GDPa1-083,0.11889811288999998,2
PR_CHO,GDPa1-088,0.11737332936,2
PR_CHO,GDPa1-093,0.17387478038,2
PR_CHO,GDPa1-098,0.24481956132999994,2
PR_CHO,GDPa1-103,0.42926734341,2
PR_CHO,GDPa1-108,0.09921672203999998,2
PR_CHO,GDPa1-113,0.10255600413000002,2
PR_CHO,GDPa1-118,0.11254763501999993,2
PR_CHO,GDPa1-123,0.33282276729000004,2
PR_CHO,GDPa1-128,0.0,2
PR_CHO,GDPa1-133,0.11896260428999997,2
PR_CHO,GDPa1-138,0.11946539091999994,2
PR_CHO,GDPa1-143,0.40273678239,2
PR_CHO,GDPa1-148,0.11825827113,2
PR_CHO,GDPa1-153,0.3717767087400001,2
PR_CHO,GDPa1-158,0.10138179384999997,2
PR_CHO,GDPa1-163,0.3533296613399998,2
PR_CHO,GDPa1-168,0.1138050836899999,2
PR_CHO,GDPa1-173,0.11959944388999993,2
PR_CHO,GDPa1-178,0.10777572736999996,2
PR_CHO,GDPa1-183,0.0,2
PR_CHO,GDPa1-188,0.17597263839,2
PR_CHO,GDPa1-193,0.34103245488000006,2
PR_CHO,GDPa1-198,0.04756067376,2
PR_CHO,GDPa1-203,0.00051235197,2
PR_CHO,GDPa1-208,0.32592120004000014,2
PR_CHO,GDPa1-213,0.11806471344999996,2
PR_CHO,GDPa1-218,0.00057784628,2
PR_CHO,GDPa1-223,0.05221925042,2
PR_CHO,GDPa1-228,0.1020629963,2
PR_CHO,GDPa1-233,0.11837145734999996,2
PR_CHO,GDPa1-238,0.11878845456999995,2
PR_CHO,GDPa1-243,0.17867296775999994,2
PR_CHO,GDPa1-004,0.0,3
PR_CHO,GDPa1-009,0.4012507809599997,3
PR_CHO,GDPa1-014,0.0,3
PR_CHO,GDPa1-019,0.35655250171999997,3
PR_CHO,GDPa1-024,0.35286506861999994,3
PR_CHO,GDPa1-029,0.45282428050999995,3
PR_CHO,GDPa1-034,0.10391891102000002,3
PR_CHO,GDPa1-039,0.0,3
PR_CHO,GDPa1-044,0.17789639696,3
PR_CHO,GDPa1-049,0.17503029762999994,3
PR_CHO,GDPa1-054,0.12414882060999975,3
PR_CHO,GDPa1-059,0.34157425673000014,3
PR_CHO,GDPa1-064,0.0,3
PR_CHO,GDPa1-069,0.0,3
PR_CHO,GDPa1-074,0.33174375637000003,3
PR_CHO,GDPa1-079,0.26080202829,3
PR_CHO,GDPa1-084,0.30278975679999987,3
PR_CHO,GDPa1-089,0.17740348848,3
PR_CHO,GDPa1-094,0.41917593473000003,3
PR_CHO,GDPa1-099,0.32617860317999997,3
PR_CHO,GDPa1-104,0.17622675879000002,3
PR_CHO,GDPa1-109,0.00057291856,3
PR_CHO,GDPa1-114,0.17304679516,3
PR_CHO,GDPa1-119,0.17522990871000002,3
PR_CHO,GDPa1-124,0.17631677211,3
PR_CHO,GDPa1-129,0.28658506868999994,3
PR_CHO,GDPa1-134,0.0,3
PR_CHO,GDPa1-139,0.17558174003,3
PR_CHO,GDPa1-144,0.37634624577000003,3
PR_CHO,GDPa1-149,0.17365817605000003,3
PR_CHO,GDPa1-154,0.0,3
PR_CHO,GDPa1-159,0.00057291856,3
PR_CHO,GDPa1-164,0.09927088624000005,3
PR_CHO,GDPa1-169,0.050615670150000014,3
PR_CHO,GDPa1-174,0.17402314956,3
PR_CHO,GDPa1-179,0.00057291856,3
PR_CHO,GDPa1-184,0.0017812244000000002,3
PR_CHO,GDPa1-189,0.4555810782199998,3
PR_CHO,GDPa1-194,0.37593693935999994,3
PR_CHO,GDPa1-199,0.17682343217,3
PR_CHO,GDPa1-204,0.10539877702000007,3
PR_CHO,GDPa1-209,0.23233208846000009,3
PR_CHO,GDPa1-214,0.3560975678700001,3
PR_CHO,GDPa1-219,0.3396553541000001,3
PR_CHO,GDPa1-224,0.3186307056700002,3
PR_CHO,GDPa1-229,0.45196605830999986,3
PR_CHO,GDPa1-234,0.10037943085,3
PR_CHO,GDPa1-239,0.0006041529200000001,3
PR_CHO,GDPa1-244,0.0,3
PR_CHO,GDPa1-005,0.17921229864999993,4
PR_CHO,GDPa1-010,0.17998315880999996,4
PR_CHO,GDPa1-015,0.04062367108,4
PR_CHO,GDPa1-020,0.20747263000999985,4
PR_CHO,GDPa1-025,0.4488087393399999,4
PR_CHO,GDPa1-030,0.23847378908000016,4
PR_CHO,GDPa1-035,0.09978617756000002,4
PR_CHO,GDPa1-040,0.3414758056700001,4
PR_CHO,GDPa1-045,0.2868056948600002,4
PR_CHO,GDPa1-050,0.10006194820000001,4
PR_CHO,GDPa1-055,0.35783339707999984,4
PR_CHO,GDPa1-060,0.0012609822399999998,4
PR_CHO,GDPa1-065,0.00017078399,4
PR_CHO,GDPa1-070,0.037729210239999984,4
PR_CHO,GDPa1-075,0.37596332581999975,4
PR_CHO,GDPa1-080,0.00074863027,4
PR_CHO,GDPa1-085,0.0016952368100000002,4
PR_CHO,GDPa1-090,0.09983476735000002,4
PR_CHO,GDPa1-095,0.25819814144000014,4
PR_CHO,GDPa1-100,0.10142749436000006,4
PR_CHO,GDPa1-105,0.10013068635999996,4
PR_CHO,GDPa1-110,0.09994864833000001,4
PR_CHO,GDPa1-115,0.005899293619999999,4
PR_CHO,GDPa1-120,0.00034156798,4
PR_CHO,GDPa1-125,0.4460072154799996,4
PR_CHO,GDPa1-130,0.005899293619999999,4
PR_CHO,GDPa1-135,0.32209723193999984,4
PR_CHO,GDPa1-140,0.42128047656999973,4
PR_CHO,GDPa1-145,0.10021568410000002,4
PR_CHO,GDPa1-150,0.10071432340000001,4
PR_CHO,GDPa1-155,0.0011954879299999998,4
PR_CHO,GDPa1-160,0.10102766314000002,4
PR_CHO,GDPa1-165,0.00034156798,4
PR_CHO,GDPa1-170,0.0,4
PR_CHO,GDPa1-175,0.00034156798,4
PR_CHO,GDPa1-180,0.10128525557000001,4
PR_CHO,GDPa1-185,0.14415105782000018,4
PR_CHO,GDPa1-190,0.37726109102999983,4
PR_CHO,GDPa1-195,0.03962175050999999,4
PR_CHO,GDPa1-200,0.00128817452,4
PR_CHO,GDPa1-205,0.1104000795899999,4
PR_CHO,GDPa1-210,0.10043163642,4
PR_CHO,GDPa1-215,0.3946423792599997,4
PR_CHO,GDPa1-220,0.21240550409999995,4
PR_CHO,GDPa1-225,0.0,4
PR_CHO,GDPa1-230,0.00017078399,4
PR_CHO,GDPa1-235,0.17659182359,4
PR_CHO,GDPa1-240,0.10087596067,4
PR_CHO,GDPa1-245,0.3960239231899999,4
Tm2_DSF_degC,GDPa1-001,83.13960000000003,0
Tm2_DSF_degC,GDPa1-006,86.35349999999997,0
Tm2_DSF_degC,GDPa1-011,83.01010000000005,0
Tm2_DSF_degC,GDPa1-016,85.15659999999997,0
Tm2_DSF_degC,GDPa1-021,86.56945,0
Tm2_DSF_degC,GDPa1-026,83.21259999999997,0
Tm2_DSF_degC,GDPa1-031,86.49694999999998,0
Tm2_DSF_degC,GDPa1-036,82.43824999999997,0
Tm2_DSF_degC,GDPa1-041,83.17745000000001,0
Tm2_DSF_degC,GDPa1-046,85.15269999999997,0
Tm2_DSF_degC,GDPa1-051,83.21245000000006,0
Tm2_DSF_degC,GDPa1-056,85.14984999999996,0
Tm2_DSF_degC,GDPa1-061,75.67380000000001,0
Tm2_DSF_degC,GDPa1-066,86.34830000000002,0
Tm2_DSF_degC,GDPa1-071,81.5188,0
Tm2_DSF_degC,GDPa1-076,83.17259999999996,0
Tm2_DSF_degC,GDPa1-081,79.96435000000002,0
Tm2_DSF_degC,GDPa1-086,80.59175000000008,0
Tm2_DSF_degC,GDPa1-091,83.20925,0
Tm2_DSF_degC,GDPa1-096,81.92689999999997,0
Tm2_DSF_degC,GDPa1-101,83.19404999999998,0
Tm2_DSF_degC,GDPa1-106,81.55390000000001,0
Tm2_DSF_degC,GDPa1-111,78.30519999999996,0
Tm2_DSF_degC,GDPa1-116,84.32865000000007,0
Tm2_DSF_degC,GDPa1-121,86.67475,0
Tm2_DSF_degC,GDPa1-126,80.59885000000001,0
Tm2_DSF_degC,GDPa1-131,83.182,0
Tm2_DSF_degC,GDPa1-136,84.10595000000005,0
Tm2_DSF_degC,GDPa1-141,85.08429999999998,0
Tm2_DSF_degC,GDPa1-146,81.49845,0
Tm2_DSF_degC,GDPa1-151,81.88084999999998,0
Tm2_DSF_degC,GDPa1-156,84.16970000000005,0
Tm2_DSF_degC,GDPa1-161,84.01515000000005,0
Tm2_DSF_degC,GDPa1-166,83.15404999999998,0
Tm2_DSF_degC,GDPa1-171,83.69059999999995,0
Tm2_DSF_degC,GDPa1-176,83.25264999999999,0
Tm2_DSF_degC,GDPa1-181,84.94910000000002,0
Tm2_DSF_degC,GDPa1-186,83.18504999999999,0
Tm2_DSF_degC,GDPa1-191,82.84184999999998,0
Tm2_DSF_degC,GDPa1-196,80.58020000000002,0
Tm2_DSF_degC,GDPa1-201,82.83849999999995,0
Tm2_DSF_degC,GDPa1-206,83.09515000000002,0
Tm2_DSF_degC,GDPa1-211,83.14825000000005,0
Tm2_DSF_degC,GDPa1-216,83.15829999999998,0
Tm2_DSF_degC,GDPa1-221,77.78025000000004,0
Tm2_DSF_degC,GDPa1-226,84.35435000000007,0
Tm2_DSF_degC,GDPa1-231,83.22504999999997,0
Tm2_DSF_degC,GDPa1-236,83.25105000000006,0
Tm2_DSF_degC,GDPa1-241,81.75259999999999,0
Tm2_DSF_degC,GDPa1-246,84.91675000000004,0
Tm2_DSF_degC,GDPa1-002,80.49965000000003,1
Tm2_DSF_degC,GDPa1-007,80.62550000000005,1
Tm2_DSF_degC,GDPa1-012,83.45849999999994,1
Tm2_DSF_degC,GDPa1-017,81.9347,1
Tm2_DSF_degC,GDPa1-022,82.00270000000002,1
Tm2_DSF_degC,GDPa1-027,81.68395000000002,1
Tm2_DSF_degC,GDPa1-032,81.97945000000001,1
Tm2_DSF_degC,GDPa1-037,86.42600000000002,1
Tm2_DSF_degC,GDPa1-042,86.1866,1
Tm2_DSF_degC,GDPa1-047,76.08484999999997,1
Tm2_DSF_degC,GDPa1-052,81.75200000000004,1
Tm2_DSF_degC,GDPa1-057,82.05625000000008,1
Tm2_DSF_degC,GDPa1-062,82.0431,1
Tm2_DSF_degC,GDPa1-067,82.81094999999992,1
Tm2_DSF_degC,GDPa1-072,76.04549999999999,1
Tm2_DSF_degC,GDPa1-077,76.12054999999997,1
Tm2_DSF_degC,GDPa1-082,80.03635000000004,1
Tm2_DSF_degC,GDPa1-087,82.04025000000001,1
Tm2_DSF_degC,GDPa1-092,76.19994999999999,1
Tm2_DSF_degC,GDPa1-097,75.98890000000002,1
Tm2_DSF_degC,GDPa1-102,82.00235000000002,1
Tm2_DSF_degC,GDPa1-107,84.34440000000008,1
Tm2_DSF_degC,GDPa1-112,85.02465000000001,1
Tm2_DSF_degC,GDPa1-117,81.58510000000001,1
Tm2_DSF_degC,GDPa1-122,82.00500000000005,1
Tm2_DSF_degC,GDPa1-127,82.02314999999999,1
Tm2_DSF_degC,GDPa1-132,85.12240000000003,1
Tm2_DSF_degC,GDPa1-137,83.00224999999996,1
Tm2_DSF_degC,GDPa1-142,76.05135,1
Tm2_DSF_degC,GDPa1-147,83.78339999999997,1
Tm2_DSF_degC,GDPa1-152,86.1917,1
Tm2_DSF_degC,GDPa1-157,77.34350000000005,1
Tm2_DSF_degC,GDPa1-162,83.7248,1
Tm2_DSF_degC,GDPa1-167,84.13165000000005,1
Tm2_DSF_degC,GDPa1-172,85.09404999999995,1
Tm2_DSF_degC,GDPa1-177,84.3468500000001,1
Tm2_DSF_degC,GDPa1-182,80.56300000000006,1
Tm2_DSF_degC,GDPa1-187,84.95295000000004,1
Tm2_DSF_degC,GDPa1-192,81.62579999999997,1
Tm2_DSF_degC,GDPa1-197,82.03560000000004,1
Tm2_DSF_degC,GDPa1-202,82.02540000000005,1
Tm2_DSF_degC,GDPa1-207,82.81889999999989,1
Tm2_DSF_degC,GDPa1-212,82.05769999999997,1
Tm2_DSF_degC,GDPa1-217,79.99380000000001,1
Tm2_DSF_degC,GDPa1-222,86.84135,1
Tm2_DSF_degC,GDPa1-227,82.03825000000002,1
Tm2_DSF_degC,GDPa1-232,78.18544999999996,1
Tm2_DSF_degC,GDPa1-237,86.35500000000002,1
Tm2_DSF_degC,GDPa1-242,82.01370000000001,1
Tm2_DSF_degC,GDPa1-003,85.11354999999992,2
Tm2_DSF_degC,GDPa1-008,77.54309999999998,2
Tm2_DSF_degC,GDPa1-013,82.26410000000006,2
Tm2_DSF_degC,GDPa1-018,82.8259,2
Tm2_DSF_degC,GDPa1-023,85.14899999999996,2
Tm2_DSF_degC,GDPa1-028,82.27585,2
Tm2_DSF_degC,GDPa1-033,79.06509999999997,2
Tm2_DSF_degC,GDPa1-038,77.67624999999997,2
Tm2_DSF_degC,GDPa1-043,82.26250000000002,2
Tm2_DSF_degC,GDPa1-048,83.60829999999994,2
Tm2_DSF_degC,GDPa1-053,75.99170000000001,2
Tm2_DSF_degC,GDPa1-058,82.2483,2
Tm2_DSF_degC,GDPa1-063,79.6959,2
Tm2_DSF_degC,GDPa1-068,77.37365,2
Tm2_DSF_degC,GDPa1-073,83.75290000000003,2
Tm2_DSF_degC,GDPa1-078,84.12974999999999,2
Tm2_DSF_degC,GDPa1-083,76.94640000000001,2
Tm2_DSF_degC,GDPa1-088,83.71715,2
Tm2_DSF_degC,GDPa1-093,82.24695000000001,2
Tm2_DSF_degC,GDPa1-098,82.27670000000003,2
Tm2_DSF_degC,GDPa1-103,83.9175,2
Tm2_DSF_degC,GDPa1-108,86.43370000000003,2
Tm2_DSF_degC,GDPa1-113,77.43964999999997,2
Tm2_DSF_degC,GDPa1-118,82.48369999999997,2
Tm2_DSF_degC,GDPa1-123,80.54514999999998,2
Tm2_DSF_degC,GDPa1-128,84.86665000000006,2
Tm2_DSF_degC,GDPa1-133,81.65109999999997,2
Tm2_DSF_degC,GDPa1-138,78.38889999999996,2
Tm2_DSF_degC,GDPa1-143,82.26965000000001,2
Tm2_DSF_degC,GDPa1-148,79.85105000000003,2
Tm2_DSF_degC,GDPa1-153,83.99649999999998,2
Tm2_DSF_degC,GDPa1-158,82.25500000000005,2
Tm2_DSF_degC,GDPa1-163,79.13365,2
Tm2_DSF_degC,GDPa1-168,85.14684999999992,2
Tm2_DSF_degC,GDPa1-173,81.51280000000003,2
Tm2_DSF_degC,GDPa1-178,75.64434999999997,2
Tm2_DSF_degC,GDPa1-183,86.05644999999998,2
Tm2_DSF_degC,GDPa1-188,86.30910000000002,2
Tm2_DSF_degC,GDPa1-193,84.88125000000005,2
Tm2_DSF_degC,GDPa1-198,86.22925000000001,2
Tm2_DSF_degC,GDPa1-203,79.65585000000002,2
Tm2_DSF_degC,GDPa1-208,82.27014999999997,2
Tm2_DSF_degC,GDPa1-213,77.69324999999998,2
Tm2_DSF_degC,GDPa1-218,81.5151,2
Tm2_DSF_degC,GDPa1-223,82.6029,2
Tm2_DSF_degC,GDPa1-228,82.23795000000007,2
Tm2_DSF_degC,GDPa1-233,81.8305499999999,2
Tm2_DSF_degC,GDPa1-238,83.51629999999994,2
Tm2_DSF_degC,GDPa1-243,82.22375000000004,2
Tm2_DSF_degC,GDPa1-004,75.86574999999996,3
Tm2_DSF_degC,GDPa1-009,83.04094999999995,3
Tm2_DSF_degC,GDPa1-014,85.68245,3
Tm2_DSF_degC,GDPa1-019,84.40785000000004,3
Tm2_DSF_degC,GDPa1-024,84.88960000000004,3
Tm2_DSF_degC,GDPa1-029,77.55549999999998,3
Tm2_DSF_degC,GDPa1-034,77.25709999999998,3
Tm2_DSF_degC,GDPa1-039,83.06644999999995,3
Tm2_DSF_degC,GDPa1-044,84.89175000000004,3
Tm2_DSF_degC,GDPa1-049,83.04284999999994,3
Tm2_DSF_degC,GDPa1-054,77.63674999999998,3
Tm2_DSF_degC,GDPa1-059,84.33345000000004,3
Tm2_DSF_degC,GDPa1-064,84.82909999999994,3
Tm2_DSF_degC,GDPa1-069,86.06129999999997,3
Tm2_DSF_degC,GDPa1-074,80.59940000000006,3
Tm2_DSF_degC,GDPa1-079,82.00314999999995,3
Tm2_DSF_degC,GDPa1-084,80.14805000000005,3
Tm2_DSF_degC,GDPa1-089,79.38730000000001,3
Tm2_DSF_degC,GDPa1-094,86.27640000000001,3
Tm2_DSF_degC,GDPa1-099,83.63999999999999,3
Tm2_DSF_degC,GDPa1-104,77.30730000000001,3
Tm2_DSF_degC,GDPa1-109,84.32350000000004,3
Tm2_DSF_degC,GDPa1-114,84.33409999999999,3
Tm2_DSF_degC,GDPa1-119,83.04584999999996,3
Tm2_DSF_degC,GDPa1-124,82.45130000000005,3
Tm2_DSF_degC,GDPa1-129,79.64135000000003,3
Tm2_DSF_degC,GDPa1-134,83.04429999999996,3
Tm2_DSF_degC,GDPa1-139,79.19269999999997,3
Tm2_DSF_degC,GDPa1-144,83.77465000000002,3
Tm2_DSF_degC,GDPa1-149,84.3673,3
Tm2_DSF_degC,GDPa1-154,83.04799999999996,3
Tm2_DSF_degC,GDPa1-159,83.03594999999996,3
Tm2_DSF_degC,GDPa1-164,80.64325000000004,3
Tm2_DSF_degC,GDPa1-169,83.05829999999996,3
Tm2_DSF_degC,GDPa1-174,83.05124999999997,3
Tm2_DSF_degC,GDPa1-179,82.31535000000002,3
Tm2_DSF_degC,GDPa1-184,83.05589999999997,3
Tm2_DSF_degC,GDPa1-189,77.34845,3
Tm2_DSF_degC,GDPa1-194,84.09525000000004,3
Tm2_DSF_degC,GDPa1-199,83.04514999999996,3
Tm2_DSF_degC,GDPa1-204,83.05074999999997,3
Tm2_DSF_degC,GDPa1-209,78.30924999999996,3
Tm2_DSF_degC,GDPa1-214,83.05774999999996,3
Tm2_DSF_degC,GDPa1-219,84.04435000000005,3
Tm2_DSF_degC,GDPa1-224,84.48730000000002,3
Tm2_DSF_degC,GDPa1-229,83.04439999999997,3
Tm2_DSF_degC,GDPa1-234,83.05444999999992,3
Tm2_DSF_degC,GDPa1-239,85.12084999999993,3
Tm2_DSF_degC,GDPa1-244,78.95309999999996,3
Tm2_DSF_degC,GDPa1-005,84.86344999999996,4
Tm2_DSF_degC,GDPa1-010,81.58789999999999,4
Tm2_DSF_degC,GDPa1-015,83.54775,4
Tm2_DSF_degC,GDPa1-020,79.14669999999997,4
Tm2_DSF_degC,GDPa1-025,82.81244999999991,4
Tm2_DSF_degC,GDPa1-030,80.47295000000003,4
Tm2_DSF_degC,GDPa1-035,82.24935000000004,4
Tm2_DSF_degC,GDPa1-040,82.80539999999992,4
Tm2_DSF_degC,GDPa1-045,83.57989999999997,4
Tm2_DSF_degC,GDPa1-050,84.86145000000002,4
Tm2_DSF_degC,GDPa1-055,82.62920000000003,4
Tm2_DSF_degC,GDPa1-060,80.54280000000006,4
Tm2_DSF_degC,GDPa1-065,82.81139999999985,4
Tm2_DSF_degC,GDPa1-070,84.16180000000006,4
Tm2_DSF_degC,GDPa1-075,83.66205,4
Tm2_DSF_degC,GDPa1-080,82.7931499999999,4
Tm2_DSF_degC,GDPa1-085,82.07325000000003,4
Tm2_DSF_degC,GDPa1-090,76.07629999999999,4
Tm2_DSF_degC,GDPa1-095,83.05915,4
Tm2_DSF_degC,GDPa1-100,82.82364999999989,4
Tm2_DSF_degC,GDPa1-105,77.56880000000007,4
Tm2_DSF_degC,GDPa1-110,82.81004999999986,4
Tm2_DSF_degC,GDPa1-115,83.65240000000001,4
Tm2_DSF_degC,GDPa1-120,82.81184999999985,4
Tm2_DSF_degC,GDPa1-125,75.58225,4
Tm2_DSF_degC,GDPa1-130,83.60860000000001,4
Tm2_DSF_degC,GDPa1-135,86.14410000000002,4
Tm2_DSF_degC,GDPa1-140,82.00880000000001,4
Tm2_DSF_degC,GDPa1-145,79.90080000000006,4
Tm2_DSF_degC,GDPa1-150,82.81244999999986,4
Tm2_DSF_degC,GDPa1-155,83.06704999999997,4
Tm2_DSF_degC,GDPa1-160,82.7915999999999,4
Tm2_DSF_degC,GDPa1-165,81.59514999999999,4
Tm2_DSF_degC,GDPa1-170,82.47000000000007,4
Tm2_DSF_degC,GDPa1-175,82.19990000000007,4
Tm2_DSF_degC,GDPa1-180,78.35084999999997,4
Tm2_DSF_degC,GDPa1-185,85.1355,4
Tm2_DSF_degC,GDPa1-190,76.09615000000001,4
Tm2_DSF_degC,GDPa1-195,82.81249999999986,4
Tm2_DSF_degC,GDPa1-200,83.97100000000005,4
Tm2_DSF_degC,GDPa1-205,81.60490000000003,4
Tm2_DSF_degC,GDPa1-210,83.7193,4
Tm2_DSF_degC,GDPa1-215,80.57185000000003,4
Tm2_DSF_degC,GDPa1-220,84.55940000000002,4
Tm2_DSF_degC,GDPa1-225,84.87639999999996,4
Tm2_DSF_degC,GDPa1-230,82.80889999999987,4
Tm2_DSF_degC,GDPa1-235,84.3353500000001,4
Tm2_DSF_degC,GDPa1-240,84.33320000000005,4
Tm2_DSF_degC,GDPa1-245,86.30274999999996,4
