antibody_id,target,actual,prediction
GDPa1-001,AC-SINS_pH7.4_nmol/mg,2.125,5.381089159837274
GDPa1-002,AC-SINS_pH7.4_nmol/mg,1.5,2.029899523385801
GDPa1-003,AC-SINS_pH7.4_nmol/mg,1.0,1.3460453174445488
GDPa1-004,AC-SINS_pH7.4_nmol/mg,-0.375,1.4104386315472883
GDPa1-005,AC-SINS_pH7.4_nmol/mg,7.5,7.557483974657465
GDPa1-006,AC-SINS_pH7.4_nmol/mg,27.0,22.505
GDPa1-007,AC-SINS_pH7.4_nmol/mg,-1.375,2.1844856863056865
GDPa1-008,AC-SINS_pH7.4_nmol/mg,3.125,3.237703639472502
GDPa1-009,AC-SINS_pH7.4_nmol/mg,18.125,12.798774665238888
GDPa1-010,AC-SINS_pH7.4_nmol/mg,-0.5,1.190901179558942
GDPa1-011,AC-SINS_pH7.4_nmol/mg,19.0,13.383395166161856
GDPa1-012,AC-SINS_pH7.4_nmol/mg,-0.875,1.6717228541185676
GDPa1-013,AC-SINS_pH7.4_nmol/mg,1.0,2.0420066744765357
GDPa1-014,AC-SINS_pH7.4_nmol/mg,8.5,6.982202621399786
GDPa1-015,AC-SINS_pH7.4_nmol/mg,2.625,5.9774878435335905
GDPa1-016,AC-SINS_pH7.4_nmol/mg,-0.875,3.0120829181382045
GDPa1-017,AC-SINS_pH7.4_nmol/mg,22.125,18.331789215686275
GDPa1-018,AC-SINS_pH7.4_nmol/mg,27.0,18.786792910563385
GDPa1-019,AC-SINS_pH7.4_nmol/mg,5.625,5.8220177109473195
GDPa1-020,AC-SINS_pH7.4_nmol/mg,0.625,3.1191039713306092
GDPa1-021,AC-SINS_pH7.4_nmol/mg,-1.375,0.9296004554324405
GDPa1-022,AC-SINS_pH7.4_nmol/mg,14.625,11.823572955079948
GDPa1-023,AC-SINS_pH7.4_nmol/mg,1.125,1.8144175466444665
GDPa1-024,AC-SINS_pH7.4_nmol/mg,17.125,16.349956780538303
GDPa1-025,AC-SINS_pH7.4_nmol/mg,26.0,21.65700520833333
GDPa1-026,AC-SINS_pH7.4_nmol/mg,2.625,2.1085284853396824
GDPa1-027,AC-SINS_pH7.4_nmol/mg,20.125,18.75980753968254
GDPa1-029,AC-SINS_pH7.4_nmol/mg,20.125,17.386510413138463
GDPa1-030,AC-SINS_pH7.4_nmol/mg,0.125,4.242823529855121
GDPa1-031,AC-SINS_pH7.4_nmol/mg,-1.375,2.075682868638473
GDPa1-032,AC-SINS_pH7.4_nmol/mg,25.5,19.030104913916784
GDPa1-033,AC-SINS_pH7.4_nmol/mg,14.0,13.515061121178762
GDPa1-034,AC-SINS_pH7.4_nmol/mg,14.0,12.124298784967012
GDPa1-035,AC-SINS_pH7.4_nmol/mg,-1.375,1.0609247534740596
GDPa1-036,AC-SINS_pH7.4_nmol/mg,-0.875,1.8954207324660637
GDPa1-037,AC-SINS_pH7.4_nmol/mg,-0.375,0.41670659819974615
GDPa1-038,AC-SINS_pH7.4_nmol/mg,15.0,14.368052330368908
GDPa1-039,AC-SINS_pH7.4_nmol/mg,15.5,11.17686438503909
GDPa1-040,AC-SINS_pH7.4_nmol/mg,0.0,4.249122136293136
GDPa1-041,AC-SINS_pH7.4_nmol/mg,1.125,2.468824681612001
GDPa1-042,AC-SINS_pH7.4_nmol/mg,1.625,1.7873294202096484
GDPa1-043,AC-SINS_pH7.4_nmol/mg,15.5,11.889521171870705
GDPa1-044,AC-SINS_pH7.4_nmol/mg,1.125,1.7714683102620778
GDPa1-045,AC-SINS_pH7.4_nmol/mg,15.5,11.43375482446244
GDPa1-046,AC-SINS_pH7.4_nmol/mg,0.125,0.8541577115922258
GDPa1-047,AC-SINS_pH7.4_nmol/mg,1.625,4.6145840163938665
GDPa1-048,AC-SINS_pH7.4_nmol/mg,1.625,1.9436192282743014
GDPa1-049,AC-SINS_pH7.4_nmol/mg,0.125,1.8736121234056253
GDPa1-050,AC-SINS_pH7.4_nmol/mg,18.125,13.607236232549491
GDPa1-051,AC-SINS_pH7.4_nmol/mg,-0.375,1.4055931491780387
GDPa1-052,AC-SINS_pH7.4_nmol/mg,-0.875,3.215043250651657
GDPa1-053,AC-SINS_pH7.4_nmol/mg,0.0,3.2421572776581793
GDPa1-054,AC-SINS_pH7.4_nmol/mg,-0.375,3.2540719868002292
GDPa1-055,AC-SINS_pH7.4_nmol/mg,3.125,4.179126795735413
GDPa1-056,AC-SINS_pH7.4_nmol/mg,0.625,4.11061134780217
GDPa1-057,AC-SINS_pH7.4_nmol/mg,11.0,9.132741750672597
GDPa1-058,AC-SINS_pH7.4_nmol/mg,1.0,2.808676441567408
GDPa1-059,AC-SINS_pH7.4_nmol/mg,15.625,14.191441750384366
GDPa1-060,AC-SINS_pH7.4_nmol/mg,1.625,2.267162565760338
GDPa1-061,AC-SINS_pH7.4_nmol/mg,8.0,5.640316198119007
GDPa1-062,AC-SINS_pH7.4_nmol/mg,11.5,7.427027633335035
GDPa1-063,AC-SINS_pH7.4_nmol/mg,15.0,9.894831508168354
GDPa1-064,AC-SINS_pH7.4_nmol/mg,4.5,2.7885067416509486
GDPa1-065,AC-SINS_pH7.4_nmol/mg,-0.375,1.6560592249724144
GDPa1-066,AC-SINS_pH7.4_nmol/mg,-0.375,2.375117505712451
GDPa1-067,AC-SINS_pH7.4_nmol/mg,0.0,1.2491268609797042
GDPa1-068,AC-SINS_pH7.4_nmol/mg,-0.875,3.2926840857644164
GDPa1-069,AC-SINS_pH7.4_nmol/mg,-0.5,1.3042514830452128
GDPa1-070,AC-SINS_pH7.4_nmol/mg,0.125,1.4440050116337408
GDPa1-071,AC-SINS_pH7.4_nmol/mg,0.625,4.735666335609092
GDPa1-072,AC-SINS_pH7.4_nmol/mg,23.0,18.8175
GDPa1-073,AC-SINS_pH7.4_nmol/mg,-0.375,1.993807241656401
GDPa1-074,AC-SINS_pH7.4_nmol/mg,2.0,1.0814732189173808
GDPa1-075,AC-SINS_pH7.4_nmol/mg,11.0,9.448138605850275
GDPa1-076,AC-SINS_pH7.4_nmol/mg,3.0,3.2621490184051147
GDPa1-077,AC-SINS_pH7.4_nmol/mg,16.0,16.99827380952381
GDPa1-078,AC-SINS_pH7.4_nmol/mg,19.125,18.13143504140787
GDPa1-079,AC-SINS_pH7.4_nmol/mg,1.5,2.320354530905236
GDPa1-080,AC-SINS_pH7.4_nmol/mg,1.125,1.0460245667590187
GDPa1-081,AC-SINS_pH7.4_nmol/mg,2.5,4.008617515821921
GDPa1-082,AC-SINS_pH7.4_nmol/mg,-0.375,3.321444325709498
GDPa1-083,AC-SINS_pH7.4_nmol/mg,0.125,1.422278754315256
GDPa1-084,AC-SINS_pH7.4_nmol/mg,5.625,7.351505521881518
GDPa1-085,AC-SINS_pH7.4_nmol/mg,-0.375,0.5505692269084188
GDPa1-086,AC-SINS_pH7.4_nmol/mg,21.125,16.319738211951446
GDPa1-087,AC-SINS_pH7.4_nmol/mg,0.0,1.3211341388854745
GDPa1-088,AC-SINS_pH7.4_nmol/mg,20.625,18.628941332542208
GDPa1-089,AC-SINS_pH7.4_nmol/mg,1.125,3.2994625329539558
GDPa1-090,AC-SINS_pH7.4_nmol/mg,0.5,2.089392815974867
GDPa1-091,AC-SINS_pH7.4_nmol/mg,15.125,10.690234919348782
GDPa1-092,AC-SINS_pH7.4_nmol/mg,3.625,2.838127344017745
GDPa1-093,AC-SINS_pH7.4_nmol/mg,-0.375,3.9348470321876707
GDPa1-094,AC-SINS_pH7.4_nmol/mg,4.0,4.828186509951839
GDPa1-095,AC-SINS_pH7.4_nmol/mg,1.0,8.67410164432342
GDPa1-096,AC-SINS_pH7.4_nmol/mg,-0.875,1.8625372302372372
GDPa1-097,AC-SINS_pH7.4_nmol/mg,1.0,0.4991929383006745
GDPa1-098,AC-SINS_pH7.4_nmol/mg,-0.375,2.5649886825853634
GDPa1-099,AC-SINS_pH7.4_nmol/mg,2.0,5.399263322695755
GDPa1-100,AC-SINS_pH7.4_nmol/mg,-1.375,4.041288518550788
GDPa1-101,AC-SINS_pH7.4_nmol/mg,19.125,15.508331802361567
GDPa1-102,AC-SINS_pH7.4_nmol/mg,8.0,8.12153235315367
GDPa1-103,AC-SINS_pH7.4_nmol/mg,16.0,14.17524149906802
GDPa1-104,AC-SINS_pH7.4_nmol/mg,27.0,21.527578677446705
GDPa1-105,AC-SINS_pH7.4_nmol/mg,-0.5,2.264326468905168
GDPa1-106,AC-SINS_pH7.4_nmol/mg,4.5,4.14373221556996
GDPa1-107,AC-SINS_pH7.4_nmol/mg,0.125,3.8488112679861244
GDPa1-108,AC-SINS_pH7.4_nmol/mg,0.125,2.591447142670707
GDPa1-109,AC-SINS_pH7.4_nmol/mg,-0.375,0.7934233616559148
GDPa1-111,AC-SINS_pH7.4_nmol/mg,19.625,16.278410060975606
GDPa1-112,AC-SINS_pH7.4_nmol/mg,3.125,6.020091506665875
GDPa1-113,AC-SINS_pH7.4_nmol/mg,7.0,7.975411865807578
GDPa1-114,AC-SINS_pH7.4_nmol/mg,-0.375,2.372068950964801
GDPa1-115,AC-SINS_pH7.4_nmol/mg,-0.375,0.26202366617665723
GDPa1-116,AC-SINS_pH7.4_nmol/mg,0.625,3.513827607997696
GDPa1-117,AC-SINS_pH7.4_nmol/mg,27.0,20.990607057584104
GDPa1-118,AC-SINS_pH7.4_nmol/mg,-0.375,1.5472760162528214
GDPa1-119,AC-SINS_pH7.4_nmol/mg,0.0,1.4245634797103326
GDPa1-120,AC-SINS_pH7.4_nmol/mg,26.125,19.06094847158508
GDPa1-121,AC-SINS_pH7.4_nmol/mg,27.5,20.717975288600286
GDPa1-122,AC-SINS_pH7.4_nmol/mg,0.0,0.51886769644368
GDPa1-123,AC-SINS_pH7.4_nmol/mg,24.5,20.704834770114942
GDPa1-124,AC-SINS_pH7.4_nmol/mg,16.0,11.939034918444472
GDPa1-125,AC-SINS_pH7.4_nmol/mg,8.0,5.576405018174976
GDPa1-126,AC-SINS_pH7.4_nmol/mg,-0.375,0.40658547016417884
GDPa1-127,AC-SINS_pH7.4_nmol/mg,11.625,8.487120901570874
GDPa1-128,AC-SINS_pH7.4_nmol/mg,2.0,1.741330041766365
GDPa1-129,AC-SINS_pH7.4_nmol/mg,12.0,11.774189902654694
GDPa1-130,AC-SINS_pH7.4_nmol/mg,-0.5,0.26202366617665723
GDPa1-131,AC-SINS_pH7.4_nmol/mg,1.0,2.102007373995171
GDPa1-132,AC-SINS_pH7.4_nmol/mg,13.125,11.471934252861946
GDPa1-133,AC-SINS_pH7.4_nmol/mg,0.0,1.2373062530939893
GDPa1-134,AC-SINS_pH7.4_nmol/mg,-0.375,2.8965705275482936
GDPa1-135,AC-SINS_pH7.4_nmol/mg,1.25,3.672471691543422
GDPa1-136,AC-SINS_pH7.4_nmol/mg,-0.875,1.9286996867842128
GDPa1-137,AC-SINS_pH7.4_nmol/mg,-0.875,3.1535664374300687
GDPa1-138,AC-SINS_pH7.4_nmol/mg,20.625,16.348498763123136
GDPa1-139,AC-SINS_pH7.4_nmol/mg,0.5,1.1099562548740816
GDPa1-140,AC-SINS_pH7.4_nmol/mg,21.625,18.116604293235238
GDPa1-141,AC-SINS_pH7.4_nmol/mg,-0.5,2.1822858120626965
GDPa1-142,AC-SINS_pH7.4_nmol/mg,1.125,1.3518684721789356
GDPa1-143,AC-SINS_pH7.4_nmol/mg,20.125,12.750494909261135
GDPa1-144,AC-SINS_pH7.4_nmol/mg,0.625,1.58398798186121
GDPa1-145,AC-SINS_pH7.4_nmol/mg,15.0,13.61375
GDPa1-146,AC-SINS_pH7.4_nmol/mg,2.125,1.5188225909778925
GDPa1-147,AC-SINS_pH7.4_nmol/mg,2.125,3.243996177139044
GDPa1-148,AC-SINS_pH7.4_nmol/mg,-0.875,1.382771781192163
GDPa1-149,AC-SINS_pH7.4_nmol/mg,0.0,2.4111225345383014
GDPa1-151,AC-SINS_pH7.4_nmol/mg,2.5,1.6402324251473106
GDPa1-152,AC-SINS_pH7.4_nmol/mg,3.625,2.555341815045602
GDPa1-153,AC-SINS_pH7.4_nmol/mg,1.625,3.356715348159485
GDPa1-154,AC-SINS_pH7.4_nmol/mg,12.625,10.15757231085356
GDPa1-155,AC-SINS_pH7.4_nmol/mg,0.625,2.447495573936236
GDPa1-156,AC-SINS_pH7.4_nmol/mg,-0.375,4.3974079016340255
GDPa1-157,AC-SINS_pH7.4_nmol/mg,22.125,17.752298019058937
GDPa1-158,AC-SINS_pH7.4_nmol/mg,0.625,1.8648509730770264
GDPa1-159,AC-SINS_pH7.4_nmol/mg,0.0,1.9042767704302273
GDPa1-160,AC-SINS_pH7.4_nmol/mg,14.625,9.144516533274675
GDPa1-161,AC-SINS_pH7.4_nmol/mg,-0.375,1.238850579196507
GDPa1-162,AC-SINS_pH7.4_nmol/mg,1.125,1.977195438736907
GDPa1-163,AC-SINS_pH7.4_nmol/mg,21.625,19.4
GDPa1-164,AC-SINS_pH7.4_nmol/mg,3.125,3.4251707568147145
GDPa1-165,AC-SINS_pH7.4_nmol/mg,7.5,8.4753150782971
GDPa1-166,AC-SINS_pH7.4_nmol/mg,2.5,3.8911033517257696
GDPa1-167,AC-SINS_pH7.4_nmol/mg,16.0,12.453963279735495
GDPa1-168,AC-SINS_pH7.4_nmol/mg,-1.375,2.468757105420026
GDPa1-169,AC-SINS_pH7.4_nmol/mg,12.125,11.334879677218066
GDPa1-170,AC-SINS_pH7.4_nmol/mg,-0.375,1.5205931058739508
GDPa1-171,AC-SINS_pH7.4_nmol/mg,-0.875,0.7664614829836113
GDPa1-172,AC-SINS_pH7.4_nmol/mg,0.625,1.2345317610439632
GDPa1-173,AC-SINS_pH7.4_nmol/mg,10.0,7.392295602061175
GDPa1-175,AC-SINS_pH7.4_nmol/mg,-0.375,0.9530128589397875
GDPa1-176,AC-SINS_pH7.4_nmol/mg,0.125,2.06310172271504
GDPa1-177,AC-SINS_pH7.4_nmol/mg,0.0,0.6616512625658935
GDPa1-178,AC-SINS_pH7.4_nmol/mg,-0.375,3.565512755217806
GDPa1-179,AC-SINS_pH7.4_nmol/mg,-1.875,0.9016404086981221
GDPa1-180,AC-SINS_pH7.4_nmol/mg,-1.0,2.154606584014018
GDPa1-181,AC-SINS_pH7.4_nmol/mg,19.125,16.463574595492403
GDPa1-182,AC-SINS_pH7.4_nmol/mg,0.625,1.2784835330466449
GDPa1-183,AC-SINS_pH7.4_nmol/mg,2.5,4.65446428578498
GDPa1-184,AC-SINS_pH7.4_nmol/mg,-0.375,1.9281228959489092
GDPa1-185,AC-SINS_pH7.4_nmol/mg,-0.375,3.1943453187042836
GDPa1-186,AC-SINS_pH7.4_nmol/mg,12.625,9.876239010149453
GDPa1-187,AC-SINS_pH7.4_nmol/mg,0.125,2.3627041829947766
GDPa1-188,AC-SINS_pH7.4_nmol/mg,6.125,3.4361859173545257
GDPa1-189,AC-SINS_pH7.4_nmol/mg,3.5,2.9533132207077357
GDPa1-190,AC-SINS_pH7.4_nmol/mg,7.5,5.06582074344313
GDPa1-191,AC-SINS_pH7.4_nmol/mg,1.125,4.44344009836265
GDPa1-192,AC-SINS_pH7.4_nmol/mg,22.125,18.371592333242948
GDPa1-193,AC-SINS_pH7.4_nmol/mg,5.5,5.69722860880937
GDPa1-194,AC-SINS_pH7.4_nmol/mg,3.0,5.457001157128213
GDPa1-195,AC-SINS_pH7.4_nmol/mg,28.625,24.18908367208672
GDPa1-196,AC-SINS_pH7.4_nmol/mg,-0.375,0.5717667004480428
GDPa1-197,AC-SINS_pH7.4_nmol/mg,9.0,6.601787548591882
GDPa1-198,AC-SINS_pH7.4_nmol/mg,-0.375,1.344280799137114
GDPa1-199,AC-SINS_pH7.4_nmol/mg,0.625,1.3920278382323639
GDPa1-200,AC-SINS_pH7.4_nmol/mg,0.125,1.4767850302482177
GDPa1-201,AC-SINS_pH7.4_nmol/mg,10.625,7.284821974323171
GDPa1-202,AC-SINS_pH7.4_nmol/mg,-0.875,1.0969908321391886
GDPa1-203,AC-SINS_pH7.4_nmol/mg,-0.875,0.7774337811426032
GDPa1-204,AC-SINS_pH7.4_nmol/mg,17.0,13.808932624964932
GDPa1-205,AC-SINS_pH7.4_nmol/mg,2.625,2.174751074684953
GDPa1-206,AC-SINS_pH7.4_nmol/mg,0.625,6.227007641770019
GDPa1-207,AC-SINS_pH7.4_nmol/mg,9.0,9.104418811124411
GDPa1-208,AC-SINS_pH7.4_nmol/mg,3.625,2.5676393295367475
GDPa1-209,AC-SINS_pH7.4_nmol/mg,2.0,1.9614371083701607
GDPa1-210,AC-SINS_pH7.4_nmol/mg,28.0,20.872674278572784
GDPa1-211,AC-SINS_pH7.4_nmol/mg,-1.375,2.2578482709256464
GDPa1-212,AC-SINS_pH7.4_nmol/mg,1.125,6.115581781595661
GDPa1-213,AC-SINS_pH7.4_nmol/mg,24.625,21.86088203463203
GDPa1-214,AC-SINS_pH7.4_nmol/mg,3.125,5.729197512587563
GDPa1-215,AC-SINS_pH7.4_nmol/mg,3.5,2.069374716809608
GDPa1-216,AC-SINS_pH7.4_nmol/mg,23.0,16.456244895042197
GDPa1-217,AC-SINS_pH7.4_nmol/mg,1.625,5.222072847921956
GDPa1-218,AC-SINS_pH7.4_nmol/mg,-0.375,1.7271530918178457
GDPa1-219,AC-SINS_pH7.4_nmol/mg,17.0,16.38625
GDPa1-220,AC-SINS_pH7.4_nmol/mg,27.125,23.639375
GDPa1-221,AC-SINS_pH7.4_nmol/mg,0.625,2.9081752614874756
GDPa1-222,AC-SINS_pH7.4_nmol/mg,12.0,9.692230818114206
GDPa1-223,AC-SINS_pH7.4_nmol/mg,0.625,2.5442443633247573
GDPa1-224,AC-SINS_pH7.4_nmol/mg,10.5,7.549858755144124
GDPa1-225,AC-SINS_pH7.4_nmol/mg,2.125,2.693494889118396
GDPa1-226,AC-SINS_pH7.4_nmol/mg,1.0,5.021249630366594
GDPa1-227,AC-SINS_pH7.4_nmol/mg,0.125,1.404364587788859
GDPa1-228,AC-SINS_pH7.4_nmol/mg,1.125,3.0500566630905332
GDPa1-229,AC-SINS_pH7.4_nmol/mg,9.0,8.82083908244807
GDPa1-230,AC-SINS_pH7.4_nmol/mg,1.0,1.2950547459941277
GDPa1-231,AC-SINS_pH7.4_nmol/mg,-0.375,2.3931513979036962
GDPa1-232,AC-SINS_pH7.4_nmol/mg,10.125,9.589452457117122
GDPa1-233,AC-SINS_pH7.4_nmol/mg,7.0,8.319024920591524
GDPa1-234,AC-SINS_pH7.4_nmol/mg,14.0,10.089409172306908
GDPa1-235,AC-SINS_pH7.4_nmol/mg,0.0,2.003762189476505
GDPa1-236,AC-SINS_pH7.4_nmol/mg,28.125,20.61457833949858
GDPa1-237,AC-SINS_pH7.4_nmol/mg,-0.875,1.6682010167289796
GDPa1-238,AC-SINS_pH7.4_nmol/mg,15.625,12.510328877779713
GDPa1-239,AC-SINS_pH7.4_nmol/mg,-0.375,1.058355212968716
GDPa1-240,AC-SINS_pH7.4_nmol/mg,0.0,1.1596657666652186
GDPa1-241,AC-SINS_pH7.4_nmol/mg,-0.375,1.1843289561383608
GDPa1-242,AC-SINS_pH7.4_nmol/mg,18.0,17.01919642857143
GDPa1-243,AC-SINS_pH7.4_nmol/mg,26.0,21.187486156593486
GDPa1-244,AC-SINS_pH7.4_nmol/mg,-1.375,1.2284955942535065
GDPa1-245,AC-SINS_pH7.4_nmol/mg,0.625,1.9135073580804303
GDPa1-246,AC-SINS_pH7.4_nmol/mg,29.5,22.33065299995953
GDPa1-001,HIC_delta_G_ML,2.59,2.7095696366482724
GDPa1-002,HIC_delta_G_ML,2.545,2.6229774265743733
GDPa1-003,HIC_delta_G_ML,2.705,2.737841379758483
GDPa1-004,HIC_delta_G_ML,2.565,2.7117833582591806
GDPa1-005,HIC_delta_G_ML,2.495,2.6795528370475976
GDPa1-006,HIC_delta_G_ML,2.46,2.568999275228105
GDPa1-007,HIC_delta_G_ML,2.45,2.567047567969338
GDPa1-008,HIC_delta_G_ML,2.535,2.6105924256666047
GDPa1-009,HIC_delta_G_ML,2.67,2.6627134676315682
GDPa1-010,HIC_delta_G_ML,3.155,3.0182779183077235
GDPa1-011,HIC_delta_G_ML,2.81,2.8467451398072883
GDPa1-012,HIC_delta_G_ML,2.4800000000000004,2.640447480888964
GDPa1-013,HIC_delta_G_ML,2.7350000000000003,2.814577786656077
GDPa1-014,HIC_delta_G_ML,3.755,3.5013694492694776
GDPa1-015,HIC_delta_G_ML,3.115,3.2557706020733685
GDPa1-016,HIC_delta_G_ML,2.46,2.5665511945484907
GDPa1-017,HIC_delta_G_ML,2.635,2.6420569897996837
GDPa1-018,HIC_delta_G_ML,3.085,2.9393297707589032
GDPa1-019,HIC_delta_G_ML,2.79,2.7377082315347843
GDPa1-020,HIC_delta_G_ML,2.91,2.878667680893505
GDPa1-021,HIC_delta_G_ML,2.7350000000000003,2.702390323473013
GDPa1-022,HIC_delta_G_ML,2.72,2.707051873948666
GDPa1-023,HIC_delta_G_ML,3.1950000000000003,3.06219131847249
GDPa1-024,HIC_delta_G_ML,2.4450000000000003,2.531853255170851
GDPa1-025,HIC_delta_G_ML,2.83,2.9374374291729515
GDPa1-026,HIC_delta_G_ML,2.83,2.82045307202932
GDPa1-027,HIC_delta_G_ML,2.6,2.6760134857013878
GDPa1-029,HIC_delta_G_ML,2.76,2.6835763355260527
GDPa1-030,HIC_delta_G_ML,4.5,4.111932234432235
GDPa1-031,HIC_delta_G_ML,3.025,2.950428052242779
GDPa1-032,HIC_delta_G_ML,2.58,2.6351535863023376
GDPa1-033,HIC_delta_G_ML,2.5,2.60831816382167
GDPa1-034,HIC_delta_G_ML,2.87,2.86362214182694
GDPa1-035,HIC_delta_G_ML,2.62,2.7106828008166777
GDPa1-036,HIC_delta_G_ML,2.565,2.7164886539880455
GDPa1-037,HIC_delta_G_ML,2.72,2.7634913504929064
GDPa1-038,HIC_delta_G_ML,2.66,2.7652328401166
GDPa1-039,HIC_delta_G_ML,3.1,3.034892998936548
GDPa1-040,HIC_delta_G_ML,3.13,3.1543708482540738
GDPa1-041,HIC_delta_G_ML,2.7300000000000004,2.775431211211375
GDPa1-042,HIC_delta_G_ML,3.18,3.153614765165393
GDPa1-043,HIC_delta_G_ML,3.4,3.3224996839529837
GDPa1-044,HIC_delta_G_ML,2.815,2.778560552014576
GDPa1-045,HIC_delta_G_ML,3.265,3.129153093789784
GDPa1-046,HIC_delta_G_ML,2.685,2.7104166268004444
GDPa1-047,HIC_delta_G_ML,2.465,2.5746403371785465
GDPa1-048,HIC_delta_G_ML,2.51,2.582026541144475
GDPa1-049,HIC_delta_G_ML,2.865,2.825880553454964
GDPa1-050,HIC_delta_G_ML,2.89,2.8038559767199573
GDPa1-051,HIC_delta_G_ML,2.4450000000000003,2.5908665843832823
GDPa1-052,HIC_delta_G_ML,2.59,2.7239792321928444
GDPa1-053,HIC_delta_G_ML,2.48,2.588406692121826
GDPa1-054,HIC_delta_G_ML,2.58,2.6400548326288007
GDPa1-055,HIC_delta_G_ML,2.7300000000000004,2.7619280221288864
GDPa1-056,HIC_delta_G_ML,2.67,2.779396830829395
GDPa1-057,HIC_delta_G_ML,2.43,2.6127691636826746
GDPa1-058,HIC_delta_G_ML,2.535,2.636091939647273
GDPa1-059,HIC_delta_G_ML,2.745,2.72043202425576
GDPa1-060,HIC_delta_G_ML,2.71,2.7176885965296167
GDPa1-061,HIC_delta_G_ML,2.96,2.9497238019760528
GDPa1-062,HIC_delta_G_ML,2.79,2.8110882631651255
GDPa1-063,HIC_delta_G_ML,2.915,2.829879816077677
GDPa1-064,HIC_delta_G_ML,2.63,2.7426754477756212
GDPa1-065,HIC_delta_G_ML,2.865,2.951259817076515
GDPa1-066,HIC_delta_G_ML,2.505,2.6434688046467265
GDPa1-067,HIC_delta_G_ML,3.4400000000000004,3.2202507869392565
GDPa1-068,HIC_delta_G_ML,2.615,2.715251043692726
GDPa1-069,HIC_delta_G_ML,2.915,2.847043718672964
GDPa1-070,HIC_delta_G_ML,2.845,2.7643217559324165
GDPa1-071,HIC_delta_G_ML,2.795,2.912874166147523
GDPa1-072,HIC_delta_G_ML,2.785,2.815333244043095
GDPa1-073,HIC_delta_G_ML,2.79,2.793217869151495
GDPa1-074,HIC_delta_G_ML,3.5700000000000003,3.240261672347287
GDPa1-075,HIC_delta_G_ML,2.545,2.63154728775961
GDPa1-076,HIC_delta_G_ML,3.68,3.438319444444448
GDPa1-077,HIC_delta_G_ML,2.825,3.2435632575757545
GDPa1-078,HIC_delta_G_ML,2.4850000000000003,2.6403671636598465
GDPa1-079,HIC_delta_G_ML,2.585,2.6728998665133914
GDPa1-080,HIC_delta_G_ML,2.6900000000000004,2.685686314663169
GDPa1-081,HIC_delta_G_ML,2.8600000000000003,2.8350909280588734
GDPa1-082,HIC_delta_G_ML,2.66,2.7530997147075214
GDPa1-083,HIC_delta_G_ML,2.77,2.7388258697665435
GDPa1-084,HIC_delta_G_ML,3.305,3.225456570512823
GDPa1-085,HIC_delta_G_ML,2.62,2.6440490067510423
GDPa1-086,HIC_delta_G_ML,2.99,2.913665209277349
GDPa1-087,HIC_delta_G_ML,3.05,2.9453417896147607
GDPa1-088,HIC_delta_G_ML,2.555,2.696091126280551
GDPa1-089,HIC_delta_G_ML,3.585,3.3702521956723994
GDPa1-090,HIC_delta_G_ML,3.0700000000000003,3.1420005673268707
GDPa1-091,HIC_delta_G_ML,2.5700000000000003,2.7474098974229855
GDPa1-092,HIC_delta_G_ML,2.975,2.848079585128679
GDPa1-093,HIC_delta_G_ML,3.4000000000000004,3.2106950018093454
GDPa1-094,HIC_delta_G_ML,2.585,2.7317511766230105
GDPa1-095,HIC_delta_G_ML,2.465,2.6636844663493697
GDPa1-096,HIC_delta_G_ML,2.54,2.679012401833686
GDPa1-097,HIC_delta_G_ML,3.395,3.232558809411037
GDPa1-098,HIC_delta_G_ML,2.4800000000000004,2.560892626948353
GDPa1-099,HIC_delta_G_ML,2.545,2.6143689433763986
GDPa1-100,HIC_delta_G_ML,2.525,2.6130394965429082
GDPa1-101,HIC_delta_G_ML,3.8,3.4522032096890083
GDPa1-102,HIC_delta_G_ML,3.175,3.1016632461166322
GDPa1-103,HIC_delta_G_ML,3.17,3.0897127753633957
GDPa1-104,HIC_delta_G_ML,3.17,3.0374977520915003
GDPa1-105,HIC_delta_G_ML,3.01,2.9285601442167395
GDPa1-106,HIC_delta_G_ML,3.28,3.1681290046065023
GDPa1-107,HIC_delta_G_ML,2.795,2.7274207683131535
GDPa1-108,HIC_delta_G_ML,2.635,2.719295569220211
GDPa1-109,HIC_delta_G_ML,2.94,2.81178837127966
GDPa1-111,HIC_delta_G_ML,2.76,2.7358956152481717
GDPa1-112,HIC_delta_G_ML,2.63,2.683767321411563
GDPa1-113,HIC_delta_G_ML,3.22,3.0594217109583677
GDPa1-114,HIC_delta_G_ML,3.185,3.090144643248292
GDPa1-115,HIC_delta_G_ML,2.975,2.956827163014473
GDPa1-116,HIC_delta_G_ML,2.46,2.5757700983542495
GDPa1-117,HIC_delta_G_ML,3.08,2.937728236480907
GDPa1-118,HIC_delta_G_ML,2.615,2.696981485220251
GDPa1-119,HIC_delta_G_ML,2.575,2.6894021006036475
GDPa1-120,HIC_delta_G_ML,2.615,2.6740806844595024
GDPa1-121,HIC_delta_G_ML,2.5,2.57864623498947
GDPa1-122,HIC_delta_G_ML,3.4850000000000003,3.3292485699767775
GDPa1-123,HIC_delta_G_ML,2.435,2.5284952990302574
GDPa1-124,HIC_delta_G_ML,2.5,2.629585728450058
GDPa1-125,HIC_delta_G_ML,3.725,3.4123918824194828
GDPa1-126,HIC_delta_G_ML,3.055,2.9317474472328997
GDPa1-127,HIC_delta_G_ML,4.5,3.974203774801586
GDPa1-128,HIC_delta_G_ML,2.515,2.589609872543077
GDPa1-129,HIC_delta_G_ML,2.555,2.651390849405832
GDPa1-130,HIC_delta_G_ML,2.9850000000000003,2.956827163014473
GDPa1-131,HIC_delta_G_ML,2.6900000000000004,2.6765168896155878
GDPa1-132,HIC_delta_G_ML,2.96,2.8055520463328723
GDPa1-133,HIC_delta_G_ML,2.715,2.76419927293431
GDPa1-134,HIC_delta_G_ML,2.6900000000000004,2.7320975049661347
GDPa1-135,HIC_delta_G_ML,2.925,2.9959281973214713
GDPa1-136,HIC_delta_G_ML,2.5700000000000003,2.707633794571402
GDPa1-137,HIC_delta_G_ML,2.49,2.5629553948054906
GDPa1-138,HIC_delta_G_ML,2.675,2.704374092345983
GDPa1-139,HIC_delta_G_ML,2.6500000000000004,2.7445511527727717
GDPa1-140,HIC_delta_G_ML,2.7350000000000003,2.7930862517027197
GDPa1-141,HIC_delta_G_ML,2.705,2.7250850851837836
GDPa1-142,HIC_delta_G_ML,2.81,2.788286661699654
GDPa1-143,HIC_delta_G_ML,2.45,2.615942594812442
GDPa1-144,HIC_delta_G_ML,2.6950000000000003,2.7131262022257228
GDPa1-145,HIC_delta_G_ML,2.47,2.571586996118483
GDPa1-146,HIC_delta_G_ML,2.75,2.780252445216838
GDPa1-147,HIC_delta_G_ML,3.01,3.063890493473916
GDPa1-148,HIC_delta_G_ML,2.755,2.738857408572479
GDPa1-149,HIC_delta_G_ML,2.73,2.726679168393648
GDPa1-151,HIC_delta_G_ML,2.805,2.802450155243376
GDPa1-152,HIC_delta_G_ML,2.82,2.731317354937785
GDPa1-153,HIC_delta_G_ML,2.9450000000000003,2.9359003665286476
GDPa1-154,HIC_delta_G_ML,2.8600000000000003,2.886459693493429
GDPa1-155,HIC_delta_G_ML,2.7350000000000003,2.791265176027537
GDPa1-156,HIC_delta_G_ML,2.93,2.996724133224693
GDPa1-157,HIC_delta_G_ML,2.955,2.866996065862513
GDPa1-158,HIC_delta_G_ML,2.84,2.814597260598652
GDPa1-159,HIC_delta_G_ML,2.64,2.675437651677537
GDPa1-160,HIC_delta_G_ML,2.535,2.695731097613222
GDPa1-161,HIC_delta_G_ML,2.76,2.7774543365839723
GDPa1-162,HIC_delta_G_ML,2.605,2.6796824576526848
GDPa1-163,HIC_delta_G_ML,2.52,2.6770328455479286
GDPa1-164,HIC_delta_G_ML,2.9,2.8229450194565198
GDPa1-165,HIC_delta_G_ML,2.505,2.689482354581145
GDPa1-166,HIC_delta_G_ML,3.08,3.0066155962093486
GDPa1-167,HIC_delta_G_ML,2.8200000000000003,2.807611774219085
GDPa1-168,HIC_delta_G_ML,2.5700000000000003,2.656226510205318
GDPa1-169,HIC_delta_G_ML,3.2,3.065785835285411
GDPa1-170,HIC_delta_G_ML,2.605,2.6656027395230653
GDPa1-171,HIC_delta_G_ML,2.74,2.69437825758836
GDPa1-172,HIC_delta_G_ML,2.56,2.636685019331306
GDPa1-173,HIC_delta_G_ML,2.845,2.79950633368364
GDPa1-175,HIC_delta_G_ML,2.815,2.8509786106988404
GDPa1-176,HIC_delta_G_ML,2.54,2.6679950353737616
GDPa1-177,HIC_delta_G_ML,2.565,2.6582143104450484
GDPa1-178,HIC_delta_G_ML,2.55,2.6332787686557486
GDPa1-179,HIC_delta_G_ML,2.4800000000000004,2.628040695947945
GDPa1-180,HIC_delta_G_ML,2.9000000000000004,2.86634459406146
GDPa1-181,HIC_delta_G_ML,2.6100000000000003,2.658083786667598
GDPa1-182,HIC_delta_G_ML,3.055,2.9380964151720383
GDPa1-183,HIC_delta_G_ML,2.835,2.903423342353758
GDPa1-184,HIC_delta_G_ML,2.91,2.896739552980174
GDPa1-185,HIC_delta_G_ML,2.515,2.700963291640932
GDPa1-186,HIC_delta_G_ML,2.675,2.728178684506361
GDPa1-187,HIC_delta_G_ML,2.635,2.7129669575612168
GDPa1-188,HIC_delta_G_ML,3.365,3.2748898992674014
GDPa1-189,HIC_delta_G_ML,3.155,3.068007764588903
GDPa1-190,HIC_delta_G_ML,2.845,2.8318958081722925
GDPa1-191,HIC_delta_G_ML,3.33,3.271003055555556
GDPa1-192,HIC_delta_G_ML,2.6500000000000004,2.782281388507327
GDPa1-193,HIC_delta_G_ML,2.8600000000000003,2.826560462090373
GDPa1-194,HIC_delta_G_ML,3.05,3.005553888959675
GDPa1-195,HIC_delta_G_ML,2.67,2.679544701970458
GDPa1-196,HIC_delta_G_ML,2.565,2.64702280464955
GDPa1-197,HIC_delta_G_ML,2.9850000000000003,2.9251831891640974
GDPa1-198,HIC_delta_G_ML,2.62,2.7064989397565693
GDPa1-199,HIC_delta_G_ML,2.575,2.6580642343569747
GDPa1-200,HIC_delta_G_ML,2.495,2.604213161254856
GDPa1-201,HIC_delta_G_ML,2.5700000000000003,2.617608901341199
GDPa1-202,HIC_delta_G_ML,3.115,3.093977759462762
GDPa1-203,HIC_delta_G_ML,2.745,2.8080886430761876
GDPa1-204,HIC_delta_G_ML,2.875,2.8501552777168673
GDPa1-205,HIC_delta_G_ML,2.84,2.7832631570131796
GDPa1-206,HIC_delta_G_ML,2.6100000000000003,2.6375268855550593
GDPa1-207,HIC_delta_G_ML,3.165,3.117281177650853
GDPa1-208,HIC_delta_G_ML,2.965,2.894615059232035
GDPa1-209,HIC_delta_G_ML,3.06,2.9370343340962664
GDPa1-210,HIC_delta_G_ML,3.18,3.203372201466836
GDPa1-211,HIC_delta_G_ML,2.53,2.650460731133685
GDPa1-212,HIC_delta_G_ML,2.62,2.692159712252017
GDPa1-213,HIC_delta_G_ML,2.635,2.6453130122485384
GDPa1-214,HIC_delta_G_ML,3.025,2.98091348533411
GDPa1-215,HIC_delta_G_ML,3.06,2.9967160385763547
GDPa1-216,HIC_delta_G_ML,2.46,2.6911591264427157
GDPa1-217,HIC_delta_G_ML,2.9850000000000003,2.862990441494172
GDPa1-218,HIC_delta_G_ML,2.685,2.750282301456581
GDPa1-219,HIC_delta_G_ML,2.465,2.59917312750088
GDPa1-220,HIC_delta_G_ML,2.575,2.6355544198710352
GDPa1-221,HIC_delta_G_ML,2.78,2.864461471126176
GDPa1-222,HIC_delta_G_ML,2.885,2.754617575669741
GDPa1-223,HIC_delta_G_ML,3.1,2.995072755793402
GDPa1-224,HIC_delta_G_ML,3.085,3.0299276655336445
GDPa1-225,HIC_delta_G_ML,2.625,2.683975144034096
GDPa1-226,HIC_delta_G_ML,2.545,2.5887056624237896
GDPa1-227,HIC_delta_G_ML,2.665,2.7189354665409873
GDPa1-228,HIC_delta_G_ML,2.5,2.593816051684259
GDPa1-229,HIC_delta_G_ML,2.87,2.90022807465631
GDPa1-230,HIC_delta_G_ML,2.675,2.6914477587081054
GDPa1-231,HIC_delta_G_ML,2.9800000000000004,3.0166445373839115
GDPa1-232,HIC_delta_G_ML,3.0700000000000003,2.9766598836429345
GDPa1-233,HIC_delta_G_ML,3.14,3.0473249638188586
GDPa1-234,HIC_delta_G_ML,3.105,3.1090862668093693
GDPa1-235,HIC_delta_G_ML,2.45,2.5742523904294843
GDPa1-236,HIC_delta_G_ML,3.035,2.978130623906841
GDPa1-237,HIC_delta_G_ML,2.58,2.6564365679687967
GDPa1-238,HIC_delta_G_ML,2.585,2.626221697466947
GDPa1-239,HIC_delta_G_ML,2.775,2.784373590052985
GDPa1-240,HIC_delta_G_ML,3.095,3.018516400556601
GDPa1-241,HIC_delta_G_ML,3.16,3.0259616884285316
GDPa1-242,HIC_delta_G_ML,2.495,2.631846747917
GDPa1-243,HIC_delta_G_ML,4.5,4.018586529328881
GDPa1-244,HIC_delta_G_ML,2.59,2.6523889194009165
GDPa1-245,HIC_delta_G_ML,2.66,2.704243607303736
GDPa1-246,HIC_delta_G_ML,2.53,2.582265296479997
GDPa1-001,PR_CHO,0.337837415,0.3224548438995891
GDPa1-002,PR_CHO,0.205246232,0.16502047749988602
GDPa1-003,PR_CHO,0.138772594,0.1339593124650882
GDPa1-004,PR_CHO,0.0,0.07287895722437414
GDPa1-005,PR_CHO,0.183386944,0.15099459458238343
GDPa1-006,PR_CHO,0.3387489,0.28824432789258225
GDPa1-007,PR_CHO,0.162422898,0.1864632654668258
GDPa1-009,PR_CHO,0.387663837,0.3238545685582912
GDPa1-010,PR_CHO,0.179621132,0.1969504496526409
GDPa1-011,PR_CHO,0.166793484,0.162208998489664
GDPa1-013,PR_CHO,0.0,0.0315211618970838
GDPa1-014,PR_CHO,0.0,0.02521376245933166
GDPa1-015,PR_CHO,0.060415292,0.0732024766409872
GDPa1-019,PR_CHO,0.359070212,0.30279588751233716
GDPa1-020,PR_CHO,0.21442229,0.2167262362729016
GDPa1-021,PR_CHO,0.0,0.054476742462792827
GDPa1-022,PR_CHO,0.338173403,0.30106288364016676
GDPa1-024,PR_CHO,0.355925294,0.3186605531520159
GDPa1-025,PR_CHO,0.446444933,0.38052769327309505
GDPa1-027,PR_CHO,0.391114106,0.36727013526842883
GDPa1-029,PR_CHO,0.463392419,0.3962817013326672
GDPa1-030,PR_CHO,0.231378768,0.19139768920200098
GDPa1-031,PR_CHO,0.141960087,0.16175540451613
GDPa1-032,PR_CHO,0.343380136,0.2981107029181103
GDPa1-033,PR_CHO,0.446018038,0.40066450031744993
GDPa1-034,PR_CHO,0.10650231,0.18431492234135857
GDPa1-036,PR_CHO,0.212187151,0.20183792902018755
GDPa1-038,PR_CHO,0.378758786,0.31087104806763977
GDPa1-039,PR_CHO,0.017078399,0.05102897325059689
GDPa1-040,PR_CHO,0.344063711,0.292672671635584
GDPa1-042,PR_CHO,0.0,0.04480911539317777
GDPa1-045,PR_CHO,0.303633934,0.2721840839977209
GDPa1-046,PR_CHO,0.100153602,0.11006159461421133
GDPa1-047,PR_CHO,0.35260593,0.3532205621658335
GDPa1-048,PR_CHO,0.0,0.047550806921233806
GDPa1-051,PR_CHO,0.057784628,0.08122755676827768
GDPa1-052,PR_CHO,0.0,0.038876184030399615
GDPa1-054,PR_CHO,0.124340188,0.17714597093043494
GDPa1-055,PR_CHO,0.361068007,0.3278453720095901
GDPa1-056,PR_CHO,0.0,0.02603682408770482
GDPa1-057,PR_CHO,0.0,0.04045689496805309
GDPa1-058,PR_CHO,0.206830463,0.2364430120132854
GDPa1-059,PR_CHO,0.344627868,0.3116352379090506
GDPa1-060,PR_CHO,0.0,0.04681778177249513
GDPa1-061,PR_CHO,0.0,0.036065826388079696
GDPa1-062,PR_CHO,0.227966916,0.17408447529536258
GDPa1-063,PR_CHO,0.158747892,0.15068033180872595
GDPa1-064,PR_CHO,0.0,0.026451618716385003
GDPa1-065,PR_CHO,0.0,0.08059420005134976
GDPa1-066,PR_CHO,0.110621529,0.12357620210951581
GDPa1-067,PR_CHO,0.0,0.020194200528373684
GDPa1-068,PR_CHO,0.0,0.05699561476460582
GDPa1-069,PR_CHO,0.0,0.025529203270303617
GDPa1-070,PR_CHO,0.057291856,0.08313061669305562
GDPa1-071,PR_CHO,0.0,0.05902205703963679
GDPa1-072,PR_CHO,0.453036087,0.41065070274941595
GDPa1-073,PR_CHO,0.0,0.033769463207900315
GDPa1-074,PR_CHO,0.330434869,0.278022566367629
GDPa1-075,PR_CHO,0.370276996,0.3402919393200065
GDPa1-076,PR_CHO,0.100224162,0.10063037455746794
GDPa1-077,PR_CHO,0.237608382,0.23892723505000021
GDPa1-078,PR_CHO,0.141139524,0.18160459500345533
GDPa1-079,PR_CHO,0.267188177,0.20152561344846667
GDPa1-080,PR_CHO,0.0,0.023777845902341506
GDPa1-081,PR_CHO,0.100835164,0.1134904729097628
GDPa1-082,PR_CHO,0.0,0.028344968441943737
GDPa1-084,PR_CHO,0.300861251,0.25499704761077396
GDPa1-085,PR_CHO,0.0,0.04963484056722411
GDPa1-086,PR_CHO,0.0,0.052052958195482
GDPa1-087,PR_CHO,0.095335544,0.11541350556329867
GDPa1-090,PR_CHO,0.10072325,0.1535127155222544
GDPa1-091,PR_CHO,0.422753927,0.29097562533945165
GDPa1-092,PR_CHO,0.547019385,0.3891157946466782
GDPa1-093,PR_CHO,0.185274751,0.2093047507755121
GDPa1-094,PR_CHO,0.412450006,0.344334635792081
GDPa1-095,PR_CHO,0.25869783,0.2439248181882219
GDPa1-096,PR_CHO,0.0,0.07337356381158949
GDPa1-097,PR_CHO,0.100133516,0.10370340681321923
GDPa1-098,PR_CHO,0.244954629,0.24836402906032828
GDPa1-099,PR_CHO,0.329230689,0.2574196339293186
GDPa1-101,PR_CHO,0.175959627,0.21073643250833335
GDPa1-102,PR_CHO,0.106092792,0.101788346908199
GDPa1-103,PR_CHO,0.424076572,0.348203528146789
GDPa1-105,PR_CHO,0.100680937,0.11531860842169643
GDPa1-107,PR_CHO,0.221780214,0.2399785273184473
GDPa1-108,PR_CHO,0.093844553,0.09153935684089266
GDPa1-109,PR_CHO,0.0,0.04781338126695038
GDPa1-111,PR_CHO,0.395404549,0.3392520028871992
GDPa1-112,PR_CHO,0.142610545,0.15068883402324065
GDPa1-113,PR_CHO,0.102521768,0.10253443225874732
GDPa1-115,PR_CHO,0.0,0.008686509345014368
GDPa1-116,PR_CHO,0.211552157,0.19319205188453725
GDPa1-117,PR_CHO,0.539987917,0.4619181347718748
GDPa1-118,PR_CHO,0.114857991,0.14433780690421327
GDPa1-120,PR_CHO,0.0,0.04655206081007944
GDPa1-121,PR_CHO,0.101582897,0.12144484457563934
GDPa1-123,PR_CHO,0.332797299,0.3331256480734978
GDPa1-125,PR_CHO,0.467733033,0.3694119982981162
GDPa1-126,PR_CHO,0.144886122,0.1392534925115545
GDPa1-127,PR_CHO,0.447300883,0.33340060349232337
GDPa1-128,PR_CHO,0.0,0.0238105154468467
GDPa1-129,PR_CHO,0.281187545,0.24415001862473
GDPa1-130,PR_CHO,0.0,0.008686509345014368
GDPa1-132,PR_CHO,0.319664946,0.31067338712954007
GDPa1-134,PR_CHO,0.0,0.05564839749922248
GDPa1-135,PR_CHO,0.319048265,0.28575318255954946
GDPa1-136,PR_CHO,0.0,0.08939414986021785
GDPa1-137,PR_CHO,0.396378105,0.34788494850419577
GDPa1-140,PR_CHO,0.393869706,0.31860553477062054
GDPa1-142,PR_CHO,0.102096502,0.10954807000085678
GDPa1-143,PR_CHO,0.392758671,0.3589861032277872
GDPa1-144,PR_CHO,0.374018288,0.31696176025148226
GDPa1-146,PR_CHO,0.102294574,0.11852896865848486
GDPa1-147,PR_CHO,0.360818846,0.3209078026880956
GDPa1-151,PR_CHO,0.208402407,0.19935329374690183
GDPa1-153,PR_CHO,0.37002458,0.32087895065557537
GDPa1-154,PR_CHO,0.0,0.061580394171333694
GDPa1-155,PR_CHO,0.0,0.02354557896031267
GDPa1-156,PR_CHO,0.33543604,0.30650942233755984
GDPa1-157,PR_CHO,0.124288554,0.1269333153669209
GDPa1-158,PR_CHO,0.100257638,0.11493394025044337
GDPa1-159,PR_CHO,0.0,0.04606267960252374
GDPa1-160,PR_CHO,0.100988899,0.13439080207846998
GDPa1-161,PR_CHO,0.101295637,0.0942353329922375
GDPa1-162,PR_CHO,0.104292809,0.08280588341927801
GDPa1-163,PR_CHO,0.353219435,0.28882812758504406
GDPa1-164,PR_CHO,0.103149354,0.08712391810027716
GDPa1-165,PR_CHO,0.0,0.03387612270330036
GDPa1-167,PR_CHO,0.430151029,0.34460964094244056
GDPa1-168,PR_CHO,0.116205701,0.17712264448150003
GDPa1-169,PR_CHO,0.030485945,0.06300065941174678
GDPa1-170,PR_CHO,0.0,0.09051134086267214
GDPa1-171,PR_CHO,0.0,0.04647386119099759
GDPa1-172,PR_CHO,0.103201181,0.10737858143943452
GDPa1-175,PR_CHO,0.0,0.03391653907662596
GDPa1-176,PR_CHO,0.350119787,0.26340322528183785
GDPa1-177,PR_CHO,0.0,0.029281952953829654
GDPa1-178,PR_CHO,0.108472662,0.13693236567002526
GDPa1-179,PR_CHO,0.0,0.0334351418275608
GDPa1-181,PR_CHO,0.295651567,0.20600274126815626
GDPa1-182,PR_CHO,0.0,0.02713955014292389
GDPa1-183,PR_CHO,0.0,0.061727190512871885
GDPa1-184,PR_CHO,0.0,0.05825314976994243
GDPa1-185,PR_CHO,0.142609356,0.13792434682324475
GDPa1-186,PR_CHO,0.0,0.04233916516320468
GDPa1-187,PR_CHO,0.0,0.0516352995113828
GDPa1-188,PR_CHO,0.162902926,0.1316779568272437
GDPa1-189,PR_CHO,0.438595453,0.33695650124087406
GDPa1-190,PR_CHO,0.371455299,0.25583710088133044
GDPa1-191,PR_CHO,0.317444556,0.2753376737273752
GDPa1-192,PR_CHO,0.357163376,0.3282001578423424
GDPa1-193,PR_CHO,0.34648967,0.32336621922353326
GDPa1-194,PR_CHO,0.379826277,0.33510874850220146
GDPa1-195,PR_CHO,0.062537873,0.11207106569833368
GDPa1-196,PR_CHO,0.0,0.057758032045331635
GDPa1-198,PR_CHO,0.03724473,0.08946932136893877
GDPa1-200,PR_CHO,0.0,0.027242091434267975
GDPa1-201,PR_CHO,0.0,0.045003974025501214
GDPa1-202,PR_CHO,0.0,0.06613284350952849
GDPa1-203,PR_CHO,0.0,0.07376943633733696
GDPa1-204,PR_CHO,0.110291613,0.1116820103858155
GDPa1-205,PR_CHO,0.115694582,0.0976117156473943
GDPa1-206,PR_CHO,0.174483191,0.2045092394649511
GDPa1-207,PR_CHO,0.35051059,0.2852451184726372
GDPa1-208,PR_CHO,0.326279591,0.2794720984036742
GDPa1-209,PR_CHO,0.230613008,0.21255774596010646
GDPa1-211,PR_CHO,0.0,0.030334186815611938
GDPa1-212,PR_CHO,0.08601696,0.1071775288139707
GDPa1-214,PR_CHO,0.357874348,0.3211862953789763
GDPa1-215,PR_CHO,0.376842666,0.29213592859955784
GDPa1-216,PR_CHO,0.252561266,0.20759352385472238
GDPa1-218,PR_CHO,0.0,0.07190797703330616
GDPa1-219,PR_CHO,0.341971194,0.3276228983027527
GDPa1-220,PR_CHO,0.217091975,0.21819986274880257
GDPa1-221,PR_CHO,0.0,0.05679221257106427
GDPa1-223,PR_CHO,0.053954425,0.07148031546619452
GDPa1-224,PR_CHO,0.316099403,0.261246513171762
GDPa1-225,PR_CHO,0.0,0.025593929562452534
GDPa1-226,PR_CHO,0.171907916,0.23389425190362473
GDPa1-227,PR_CHO,0.335853778,0.25568596422674483
GDPa1-228,PR_CHO,0.100569062,0.13965482885715835
GDPa1-229,PR_CHO,0.445672918,0.36398935128708326
GDPa1-230,PR_CHO,0.0,0.015911409052057523
GDPa1-232,PR_CHO,0.0,0.053946279553811316
GDPa1-234,PR_CHO,0.100546518,0.15212707989438218
GDPa1-235,PR_CHO,0.167694496,0.17953744689198764
GDPa1-236,PR_CHO,0.414894479,0.3213494441505836
GDPa1-237,PR_CHO,0.155136446,0.1537408721027598
GDPa1-238,PR_CHO,0.118398068,0.11944644556204669
GDPa1-239,PR_CHO,0.0,0.04357937621364031
GDPa1-240,PR_CHO,0.100280359,0.11935924190230607
GDPa1-241,PR_CHO,0.0,0.05446408905775038
GDPa1-242,PR_CHO,0.337537437,0.34054619989692125
GDPa1-243,PR_CHO,0.178787865,0.16078754563877223
GDPa1-244,PR_CHO,0.0,0.02235078792027518
GDPa1-245,PR_CHO,0.400485824,0.33217238153463113
GDPa1-246,PR_CHO,0.132235402,0.1323807625122587
GDPa1-001,Titer_g/L,140.25,166.43200066471707
GDPa1-002,Titer_g/L,193.31,209.84492469977914
GDPa1-003,Titer_g/L,114.75,156.84013382616183
GDPa1-004,Titer_g/L,327.32,273.2099983258927
GDPa1-005,Titer_g/L,313.39,256.192808252826
GDPa1-006,Titer_g/L,367.3,336.3488867668151
GDPa1-007,Titer_g/L,190.23,209.7723192035217
GDPa1-008,Titer_g/L,89.39,135.03398543320884
GDPa1-009,Titer_g/L,224.95,229.9367717033248
GDPa1-010,Titer_g/L,291.17,254.90450526721347
GDPa1-011,Titer_g/L,261.98,279.45331829938493
GDPa1-012,Titer_g/L,92.11,144.21772543825426
GDPa1-013,Titer_g/L,301.96,271.03154811840824
GDPa1-014,Titer_g/L,319.37,282.9924788180271
GDPa1-015,Titer_g/L,359.69,369.53215964912255
GDPa1-016,Titer_g/L,168.63,178.89646897115384
GDPa1-017,Titer_g/L,126.74,185.2314073188465
GDPa1-018,Titer_g/L,108.15,170.92228841370124
GDPa1-019,Titer_g/L,345.31,288.9944219394325
GDPa1-020,Titer_g/L,301.96,278.2166680264761
GDPa1-021,Titer_g/L,257.51,250.97409979585618
GDPa1-022,Titer_g/L,291.17,273.24800728514424
GDPa1-023,Titer_g/L,89.39,128.4314400684538
GDPa1-024,Titer_g/L,151.33,189.75963966967956
GDPa1-025,Titer_g/L,393.89,397.495564285714
GDPa1-026,Titer_g/L,116.1,149.08336857182726
GDPa1-027,Titer_g/L,212.57,219.2631337312528
GDPa1-029,Titer_g/L,167.77,206.46371119505508
GDPa1-030,Titer_g/L,320.38,324.9994357112333
GDPa1-031,Titer_g/L,244.68,232.2494417337257
GDPa1-032,Titer_g/L,451.1,399.8126625126259
GDPa1-033,Titer_g/L,281.07,258.93811791700784
GDPa1-034,Titer_g/L,363.39,304.1841651910538
GDPa1-035,Titer_g/L,110.8,149.82567074079182
GDPa1-036,Titer_g/L,203.48,222.53293480567646
GDPa1-037,Titer_g/L,57.13,122.19071502228431
GDPa1-038,Titer_g/L,352.37,287.1947822105721
GDPa1-039,Titer_g/L,265.64,239.1026373828829
GDPa1-040,Titer_g/L,257.51,220.59387777191216
GDPa1-041,Titer_g/L,72.14,151.73096694159028
GDPa1-042,Titer_g/L,313.39,264.90374914631946
GDPa1-043,Titer_g/L,69.28,125.16928554153061
GDPa1-044,Titer_g/L,78.27,138.89880216517938
GDPa1-045,Titer_g/L,417.22,344.79662230081954
GDPa1-046,Titer_g/L,236.56,237.97520076782547
GDPa1-047,Titer_g/L,296.49,254.70902431510723
GDPa1-048,Titer_g/L,213.95,217.1007965766572
GDPa1-049,Titer_g/L,139.45,168.93802749283088
GDPa1-050,Titer_g/L,151.23,172.99752289649757
GDPa1-051,Titer_g/L,303.51,280.23478365164107
GDPa1-052,Titer_g/L,164.3,197.6348670726953
GDPa1-053,Titer_g/L,34.26,129.5559794342193
GDPa1-054,Titer_g/L,261.98,260.6595024303935
GDPa1-055,Titer_g/L,464.78,346.79841641100893
GDPa1-056,Titer_g/L,228.75,237.1913743213735
GDPa1-057,Titer_g/L,259.84,241.89573921896056
GDPa1-058,Titer_g/L,307.59,279.0164301252027
GDPa1-059,Titer_g/L,228.75,209.76720355741367
GDPa1-060,Titer_g/L,345.31,296.2857990595535
GDPa1-061,Titer_g/L,241.97,232.10068583819844
GDPa1-062,Titer_g/L,206.92,231.06691734464718
GDPa1-063,Titer_g/L,109.47,172.05865862444753
GDPa1-064,Titer_g/L,196.76,203.5609322651167
GDPa1-065,Titer_g/L,327.32,266.0838742413227
GDPa1-066,Titer_g/L,244.68,240.04845426535886
GDPa1-067,Titer_g/L,151.33,180.73408139331502
GDPa1-068,Titer_g/L,276.0,304.1896309982591
GDPa1-069,Titer_g/L,203.48,212.97143010480147
GDPa1-070,Titer_g/L,177.67,199.0853165670694
GDPa1-071,Titer_g/L,202.74,239.8085513355798
GDPa1-072,Titer_g/L,781.93,589.0774135944702
GDPa1-073,Titer_g/L,257.51,237.42424420243796
GDPa1-074,Titer_g/L,180.76,203.41179998944696
GDPa1-075,Titer_g/L,491.08,386.2417104427248
GDPa1-076,Titer_g/L,642.34,476.05728541891307
GDPa1-077,Titer_g/L,376.03,399.3072384615382
GDPa1-078,Titer_g/L,213.95,228.46845600254957
GDPa1-079,Titer_g/L,296.49,258.9941798157623
GDPa1-080,Titer_g/L,212.57,233.82334203216186
GDPa1-081,Titer_g/L,395.76,357.1683940752056
GDPa1-082,Titer_g/L,464.78,390.64856952877483
GDPa1-083,Titer_g/L,88.48,145.32257341048637
GDPa1-084,Titer_g/L,251.19,315.86581371887337
GDPa1-085,Titer_g/L,313.39,278.8965515378201
GDPa1-086,Titer_g/L,571.63,430.7614036715133
GDPa1-087,Titer_g/L,154.29,198.13541317503834
GDPa1-088,Titer_g/L,253.14,248.73009437903525
GDPa1-089,Titer_g/L,83.83,140.25287403216143
GDPa1-090,Titer_g/L,139.45,175.00404079945787
GDPa1-091,Titer_g/L,249.63,257.96095780269826
GDPa1-092,Titer_g/L,236.63,235.3904109109966
GDPa1-093,Titer_g/L,179.14,208.51264546192763
GDPa1-094,Titer_g/L,203.48,229.0692784942268
GDPa1-095,Titer_g/L,313.39,261.9380749739224
GDPa1-096,Titer_g/L,134.81,175.9650800095817
GDPa1-097,Titer_g/L,294.08,272.73101791376484
GDPa1-098,Titer_g/L,151.52,175.02824551067536
GDPa1-099,Titer_g/L,301.96,269.06427492750606
GDPa1-100,Titer_g/L,78.27,144.32344439398292
GDPa1-101,Titer_g/L,339.78,288.09848679415927
GDPa1-102,Titer_g/L,296.49,275.31892737630943
GDPa1-103,Titer_g/L,291.91,294.44381528374697
GDPa1-104,Titer_g/L,110.8,166.1914404784219
GDPa1-105,Titer_g/L,120.09,172.9438301200285
GDPa1-106,Titer_g/L,46.59,141.88603824658153
GDPa1-107,Titer_g/L,301.96,285.9391534741137
GDPa1-108,Titer_g/L,294.08,270.85511810238296
GDPa1-109,Titer_g/L,110.8,150.49550409122466
GDPa1-111,Titer_g/L,637.93,521.6390703734829
GDPa1-112,Titer_g/L,217.56,226.6790256397275
GDPa1-113,Titer_g/L,296.49,267.00575104218177
GDPa1-114,Titer_g/L,42.75,130.62726223101654
GDPa1-115,Titer_g/L,157.0,194.13272867855517
GDPa1-116,Titer_g/L,313.39,287.7244283998574
GDPa1-118,Titer_g/L,162.76,184.330732465642
GDPa1-119,Titer_g/L,126.74,185.37864736356445
GDPa1-120,Titer_g/L,352.37,310.036193022582
GDPa1-121,Titer_g/L,285.99,271.4169842137871
GDPa1-122,Titer_g/L,57.13,130.91805948427285
GDPa1-123,Titer_g/L,124.07,147.44784462520474
GDPa1-124,Titer_g/L,52.18,141.27376826722093
GDPa1-125,Titer_g/L,132.11,183.64557303588438
GDPa1-126,Titer_g/L,352.37,308.8653874323304
GDPa1-127,Titer_g/L,148.22,179.2749408655319
GDPa1-128,Titer_g/L,224.95,217.65065578597722
GDPa1-129,Titer_g/L,154.15,170.09682014087645
GDPa1-130,Titer_g/L,240.58,194.13272867855517
GDPa1-131,Titer_g/L,140.25,167.3849578946642
GDPa1-132,Titer_g/L,301.96,292.06524461289973
GDPa1-133,Titer_g/L,116.1,160.1593885842527
GDPa1-134,Titer_g/L,291.17,276.4035363461533
GDPa1-136,Titer_g/L,319.37,268.21234033830456
GDPa1-137,Titer_g/L,162.76,166.42426851694924
GDPa1-138,Titer_g/L,133.78,174.44521526671167
GDPa1-139,Titer_g/L,100.17,138.22143594672957
GDPa1-140,Titer_g/L,678.57,571.7864839999999
GDPa1-141,Titer_g/L,100.17,129.4559183004604
GDPa1-142,Titer_g/L,302.17,258.40735866644985
GDPa1-143,Titer_g/L,244.68,246.2938013576598
GDPa1-144,Titer_g/L,383.43,313.5164470781251
GDPa1-145,Titer_g/L,91.04,143.28807954998135
GDPa1-146,Titer_g/L,294.08,262.90908191158286
GDPa1-147,Titer_g/L,248.86,238.62397387829614
GDPa1-148,Titer_g/L,154.15,178.73338985043947
GDPa1-149,Titer_g/L,60.31,180.3781483986929
GDPa1-151,Titer_g/L,190.23,181.53131982129122
GDPa1-152,Titer_g/L,118.75,169.22590893419903
GDPa1-153,Titer_g/L,190.23,194.58570662749418
GDPa1-154,Titer_g/L,420.17,348.76028849206637
GDPa1-155,Titer_g/L,266.55,241.60991015639488
GDPa1-156,Titer_g/L,157.0,186.61619109803163
GDPa1-157,Titer_g/L,591.12,450.89358500241315
GDPa1-158,Titer_g/L,516.74,423.38534994113036
GDPa1-159,Titer_g/L,224.95,227.78217999946304
GDPa1-160,Titer_g/L,140.25,172.24001666088446
GDPa1-161,Titer_g/L,375.2,325.34513227334674
GDPa1-162,Titer_g/L,319.37,275.2626203382017
GDPa1-163,Titer_g/L,700.57,594.149670820615
GDPa1-164,Titer_g/L,279.15,276.06790454168174
GDPa1-165,Titer_g/L,338.81,300.0020710146162
GDPa1-166,Titer_g/L,66.54,134.46273962288237
GDPa1-167,Titer_g/L,331.91,275.8009798088562
GDPa1-168,Titer_g/L,367.3,353.06397881223
GDPa1-169,Titer_g/L,339.94,328.6896080753148
GDPa1-170,Titer_g/L,303.51,250.4239423952097
GDPa1-171,Titer_g/L,154.15,186.8242314107158
GDPa1-172,Titer_g/L,193.48,195.5598179713121
GDPa1-173,Titer_g/L,66.54,148.15340768455673
GDPa1-175,Titer_g/L,296.49,246.77749159254782
GDPa1-176,Titer_g/L,217.56,244.6012434098631
GDPa1-177,Titer_g/L,213.95,208.54445895393508
GDPa1-179,Titer_g/L,266.55,245.65771586762637
GDPa1-180,Titer_g/L,128.11,171.0191417465198
GDPa1-181,Titer_g/L,210.41,231.15887876174523
GDPa1-182,Titer_g/L,165.68,204.51491898636414
GDPa1-183,Titer_g/L,198.68,238.62618365058322
GDPa1-184,Titer_g/L,249.63,234.3997683714855
GDPa1-185,Titer_g/L,183.88,222.16830924436957
GDPa1-186,Titer_g/L,352.37,298.91630083665814
GDPa1-187,Titer_g/L,174.63,226.05241141973974
GDPa1-188,Titer_g/L,118.75,168.966724148937
GDPa1-189,Titer_g/L,302.17,268.7640931441158
GDPa1-190,Titer_g/L,191.93,223.34862051063584
GDPa1-191,Titer_g/L,220.5,220.91152378689338
GDPa1-192,Titer_g/L,171.61,192.66901110795607
GDPa1-193,Titer_g/L,210.41,212.4127026992969
GDPa1-194,Titer_g/L,183.88,191.43696284529184
GDPa1-195,Titer_g/L,221.22,217.2246644587255
GDPa1-196,Titer_g/L,393.92,340.51269938457654
GDPa1-197,Titer_g/L,89.39,145.2735273252244
GDPa1-198,Titer_g/L,174.63,186.16857118098685
GDPa1-199,Titer_g/L,125.49,160.545974745352
GDPa1-200,Titer_g/L,285.99,275.1282650826786
GDPa1-201,Titer_g/L,211.24,235.1062980941848
GDPa1-202,Titer_g/L,193.48,217.80263361961633
GDPa1-203,Titer_g/L,180.76,211.19579425754378
GDPa1-204,Titer_g/L,416.5,396.76569728682176
GDPa1-205,Titer_g/L,265.83,273.48947446134684
GDPa1-206,Titer_g/L,232.62,235.2755747497731
GDPa1-207,Titer_g/L,257.51,252.0376715661779
GDPa1-208,Titer_g/L,231.48,216.98544112973596
GDPa1-209,Titer_g/L,310.74,282.8377588035926
GDPa1-210,Titer_g/L,83.88,140.3362853323134
GDPa1-211,Titer_g/L,187.04,188.75837132912807
GDPa1-212,Titer_g/L,170.36,191.8646944553979
GDPa1-213,Titer_g/L,142.34,189.2668661135889
GDPa1-214,Titer_g/L,203.97,223.2621818022371
GDPa1-215,Titer_g/L,202.18,194.97738481306453
GDPa1-216,Titer_g/L,352.64,303.9631843331448
GDPa1-217,Titer_g/L,108.15,144.6188023851476
GDPa1-218,Titer_g/L,261.98,245.57199215682155
GDPa1-219,Titer_g/L,190.23,270.6580013720711
GDPa1-220,Titer_g/L,240.58,218.645400434641
GDPa1-221,Titer_g/L,327.68,340.72221714779306
GDPa1-222,Titer_g/L,121.41,181.84494524506786
GDPa1-223,Titer_g/L,187.04,219.01864472366128
GDPa1-224,Titer_g/L,226.51,217.0852119343279
GDPa1-225,Titer_g/L,186.82,219.02407136618967
GDPa1-226,Titer_g/L,124.07,168.62219934623295
GDPa1-227,Titer_g/L,142.34,155.9060238001115
GDPa1-228,Titer_g/L,491.52,420.15095551030254
GDPa1-229,Titer_g/L,287.68,270.27870637960837
GDPa1-230,Titer_g/L,352.37,298.39667564953504
GDPa1-231,Titer_g/L,85.5,116.31341167704261
GDPa1-232,Titer_g/L,339.78,303.1145983023727
GDPa1-233,Titer_g/L,46.59,112.25907416333428
GDPa1-234,Titer_g/L,180.78,195.700295295937
GDPa1-235,Titer_g/L,168.63,202.6282416454502
GDPa1-236,Titer_g/L,438.38,389.2353522820673
GDPa1-237,Titer_g/L,261.98,233.60335046466835
GDPa1-238,Titer_g/L,261.98,250.77509479424134
GDPa1-239,Titer_g/L,202.74,214.4412191538844
GDPa1-240,Titer_g/L,307.59,266.1074865655349
GDPa1-241,Titer_g/L,221.22,222.90229272367122
GDPa1-242,Titer_g/L,303.51,287.70776613602146
GDPa1-243,Titer_g/L,281.21,297.0050391035937
GDPa1-244,Titer_g/L,266.55,249.6128106929611
GDPa1-245,Titer_g/L,301.96,279.6169046040893
GDPa1-246,Titer_g/L,375.2,324.99843886179593
GDPa1-001,Tm2_DSF_degC,83.08,82.53228777453118
GDPa1-002,Tm2_DSF_degC,80.33,81.57815077200652
GDPa1-003,Tm2_DSF_degC,85.03,83.80507707512334
GDPa1-004,Tm2_DSF_degC,75.93,77.79037355589676
GDPa1-005,Tm2_DSF_degC,84.84,83.86268823512752
GDPa1-006,Tm2_DSF_degC,85.88,83.84177648550383
GDPa1-007,Tm2_DSF_degC,80.75,81.29490522693207
GDPa1-008,Tm2_DSF_degC,77.64,79.98951116373354
GDPa1-010,Tm2_DSF_degC,81.515,82.30212415546099
GDPa1-011,Tm2_DSF_degC,82.96,82.3477465358204
GDPa1-012,Tm2_DSF_degC,83.41499999999999,83.33009110885166
GDPa1-014,Tm2_DSF_degC,85.575,84.61951002262616
GDPa1-015,Tm2_DSF_degC,83.34,82.50764351483448
GDPa1-016,Tm2_DSF_degC,85.13,84.12333827607473
GDPa1-017,Tm2_DSF_degC,81.96,81.6328460991278
GDPa1-018,Tm2_DSF_degC,82.83,82.51109441938699
GDPa1-019,Tm2_DSF_degC,84.515,82.89946447472337
GDPa1-020,Tm2_DSF_degC,79.255,79.88361398046403
GDPa1-021,Tm2_DSF_degC,86.50999999999999,84.66345680899548
GDPa1-022,Tm2_DSF_degC,82.03,81.74912202142022
GDPa1-023,Tm2_DSF_degC,85.245,84.97364832961107
GDPa1-024,Tm2_DSF_degC,84.93,84.08743565522967
GDPa1-027,Tm2_DSF_degC,81.66499999999999,82.12153730254154
GDPa1-029,Tm2_DSF_degC,77.46000000000001,79.2332963697414
GDPa1-030,Tm2_DSF_degC,80.685,81.02911566618415
GDPa1-031,Tm2_DSF_degC,85.93,83.6313819694684
GDPa1-033,Tm2_DSF_degC,78.91,79.53109057994281
GDPa1-034,Tm2_DSF_degC,77.17500000000001,79.39107965216594
GDPa1-035,Tm2_DSF_degC,82.35499999999999,82.63801631505743
GDPa1-036,Tm2_DSF_degC,82.435,82.05165391231898
GDPa1-037,Tm2_DSF_degC,86.08,84.3681536035893
GDPa1-038,Tm2_DSF_degC,77.89,78.85552592490849
GDPa1-042,Tm2_DSF_degC,86.035,84.73898909977652
GDPa1-044,Tm2_DSF_degC,84.92,83.80232445680068
GDPa1-045,Tm2_DSF_degC,83.41,82.3519356722269
GDPa1-046,Tm2_DSF_degC,85.11,83.94122515029429
GDPa1-047,Tm2_DSF_degC,76.515,78.16699237745107
GDPa1-048,Tm2_DSF_degC,83.63,83.49629344265924
GDPa1-050,Tm2_DSF_degC,84.71,83.25719702443524
GDPa1-052,Tm2_DSF_degC,81.7,82.23226059696249
GDPa1-053,Tm2_DSF_degC,76.42,78.71097571979831
GDPa1-054,Tm2_DSF_degC,77.715,79.12190113318276
GDPa1-055,Tm2_DSF_degC,82.61,83.03765553761077
GDPa1-056,Tm2_DSF_degC,85.065,84.1778767821896
GDPa1-058,Tm2_DSF_degC,82.33,81.82547124003163
GDPa1-059,Tm2_DSF_degC,84.345,83.4013234939354
GDPa1-060,Tm2_DSF_degC,80.83,82.01934545573431
GDPa1-061,Tm2_DSF_degC,75.815,78.82509843330034
GDPa1-063,Tm2_DSF_degC,79.99000000000001,81.49078768251682
GDPa1-064,Tm2_DSF_degC,84.78,83.47727576574685
GDPa1-066,Tm2_DSF_degC,86.945,84.75813859080655
GDPa1-067,Tm2_DSF_degC,82.875,82.77988645867566
GDPa1-068,Tm2_DSF_degC,77.25,78.90239162026427
GDPa1-069,Tm2_DSF_degC,85.655,84.1011956104655
GDPa1-070,Tm2_DSF_degC,84.13499999999999,83.12483654397138
GDPa1-071,Tm2_DSF_degC,81.59,81.34581628547042
GDPa1-072,Tm2_DSF_degC,75.805,77.3663165476191
GDPa1-073,Tm2_DSF_degC,83.71000000000001,82.82499524171297
GDPa1-074,Tm2_DSF_degC,80.655,81.54511334081505
GDPa1-075,Tm2_DSF_degC,83.705,82.0661724623579
GDPa1-076,Tm2_DSF_degC,83.045,82.55269372040324
GDPa1-077,Tm2_DSF_degC,75.045,77.36630976190479
GDPa1-078,Tm2_DSF_degC,84.14,83.02049093469965
GDPa1-079,Tm2_DSF_degC,82.06,82.62088382519245
GDPa1-081,Tm2_DSF_degC,79.845,80.45469241338802
GDPa1-082,Tm2_DSF_degC,79.97,80.91100444701506
GDPa1-083,Tm2_DSF_degC,76.83,78.87205291666665
GDPa1-084,Tm2_DSF_degC,80.33,80.63643869047618
GDPa1-085,Tm2_DSF_degC,82.16,82.05684674526968
GDPa1-086,Tm2_DSF_degC,80.62,81.64051032054887
GDPa1-088,Tm2_DSF_degC,83.695,82.91257927882108
GDPa1-089,Tm2_DSF_degC,79.5,80.2527411279197
GDPa1-090,Tm2_DSF_degC,76.32,78.47639229222099
GDPa1-092,Tm2_DSF_degC,75.95,78.25695339439827
GDPa1-094,Tm2_DSF_degC,85.775,84.60470607743164
GDPa1-095,Tm2_DSF_degC,82.995,82.97937377492929
GDPa1-096,Tm2_DSF_degC,82.015,82.23420734359831
GDPa1-097,Tm2_DSF_degC,75.19,78.27742024451437
GDPa1-099,Tm2_DSF_degC,83.57,83.21805450455473
GDPa1-100,Tm2_DSF_degC,82.82,82.63467970380272
GDPa1-103,Tm2_DSF_degC,83.935,82.67722509191923
GDPa1-104,Tm2_DSF_degC,77.09,78.99828009803927
GDPa1-105,Tm2_DSF_degC,77.58,79.22191033882781
GDPa1-106,Tm2_DSF_degC,81.52,81.82040713669481
GDPa1-107,Tm2_DSF_degC,84.3,83.51141379732064
GDPa1-108,Tm2_DSF_degC,88.57,86.19727295297622
GDPa1-109,Tm2_DSF_degC,84.31,83.81919192688048
GDPa1-111,Tm2_DSF_degC,78.41,80.23119776076314
GDPa1-112,Tm2_DSF_degC,85.035,83.45158122634712
GDPa1-113,Tm2_DSF_degC,77.59,78.98483889260395
GDPa1-114,Tm2_DSF_degC,84.245,83.89081661920801
GDPa1-115,Tm2_DSF_degC,83.61,83.50531758942196
GDPa1-116,Tm2_DSF_degC,84.31,83.52198417564048
GDPa1-117,Tm2_DSF_degC,81.53,81.55020356919565
GDPa1-118,Tm2_DSF_degC,82.52,82.17913747835512
GDPa1-119,Tm2_DSF_degC,83.14500000000001,82.86813710528628
GDPa1-121,Tm2_DSF_degC,86.77000000000001,84.33395661923667
GDPa1-123,Tm2_DSF_degC,80.52,80.64301707855884
GDPa1-124,Tm2_DSF_degC,82.51,82.56515327063069
GDPa1-125,Tm2_DSF_degC,75.01,78.17909736358315
GDPa1-126,Tm2_DSF_degC,80.68,80.92348677743831
GDPa1-128,Tm2_DSF_degC,84.84,84.02613033337097
GDPa1-129,Tm2_DSF_degC,80.09,81.0701118192278
GDPa1-130,Tm2_DSF_degC,83.495,83.50531758942196
GDPa1-132,Tm2_DSF_degC,85.285,83.95162536266592
GDPa1-133,Tm2_DSF_degC,81.755,81.94570540498069
GDPa1-135,Tm2_DSF_degC,85.93,82.95214840493823
GDPa1-136,Tm2_DSF_degC,84.07,83.37490725909105
GDPa1-137,Tm2_DSF_degC,82.93,83.23957472708332
GDPa1-138,Tm2_DSF_degC,78.36500000000001,79.63671452380946
GDPa1-139,Tm2_DSF_degC,79.07,80.33383344379999
GDPa1-140,Tm2_DSF_degC,81.95,81.40688989312758
GDPa1-141,Tm2_DSF_degC,85.05,84.17081168273762
GDPa1-142,Tm2_DSF_degC,75.18,77.96565271558283
GDPa1-143,Tm2_DSF_degC,82.33,81.94672841458372
GDPa1-144,Tm2_DSF_degC,83.82,83.13192104965006
GDPa1-145,Tm2_DSF_degC,80.0,79.99686945887446
GDPa1-146,Tm2_DSF_degC,81.36,81.4124561165223
GDPa1-147,Tm2_DSF_degC,83.78,83.31168775136275
GDPa1-148,Tm2_DSF_degC,80.14,80.61855203424837
GDPa1-149,Tm2_DSF_degC,84.39,83.47167841708608
GDPa1-151,Tm2_DSF_degC,81.87,82.33116794031615
GDPa1-152,Tm2_DSF_degC,85.745,84.38938384625068
GDPa1-153,Tm2_DSF_degC,83.995,83.7084239719211
GDPa1-155,Tm2_DSF_degC,83.10499999999999,83.30205925425669
GDPa1-156,Tm2_DSF_degC,84.14500000000001,83.39694778988991
GDPa1-157,Tm2_DSF_degC,77.24,78.9460465179546
GDPa1-161,Tm2_DSF_degC,83.96,83.29383100771093
GDPa1-162,Tm2_DSF_degC,83.77,83.01896819269068
GDPa1-163,Tm2_DSF_degC,79.09,79.94829717088027
GDPa1-164,Tm2_DSF_degC,80.59,81.20507194140151
GDPa1-165,Tm2_DSF_degC,81.45,81.7743708108982
GDPa1-167,Tm2_DSF_degC,84.13,83.37152750187899
GDPa1-168,Tm2_DSF_degC,85.22,83.49146372221173
GDPa1-170,Tm2_DSF_degC,82.45,82.82371648805784
GDPa1-171,Tm2_DSF_degC,83.72,83.29585719339406
GDPa1-172,Tm2_DSF_degC,85.05,83.68710653126642
GDPa1-173,Tm2_DSF_degC,81.36500000000001,81.91592997677259
GDPa1-175,Tm2_DSF_degC,82.34,82.56196803598394
GDPa1-176,Tm2_DSF_degC,83.235,82.51599904168114
GDPa1-177,Tm2_DSF_degC,84.33,83.80350448247505
GDPa1-178,Tm2_DSF_degC,75.4,77.88715429260104
GDPa1-179,Tm2_DSF_degC,82.27,83.12314580310118
GDPa1-180,Tm2_DSF_degC,78.32,79.13718004214404
GDPa1-181,Tm2_DSF_degC,84.86,83.39481177262066
GDPa1-182,Tm2_DSF_degC,80.68,81.33528453250841
GDPa1-183,Tm2_DSF_degC,85.54,83.76926600985499
GDPa1-185,Tm2_DSF_degC,85.15,83.43632669785438
GDPa1-186,Tm2_DSF_degC,83.08500000000001,83.04274218061866
GDPa1-187,Tm2_DSF_degC,84.87,83.46712462298088
GDPa1-188,Tm2_DSF_degC,86.625,85.12996951879587
GDPa1-189,Tm2_DSF_degC,77.22,80.27848553608807
GDPa1-190,Tm2_DSF_degC,76.19,78.33038406599945
GDPa1-191,Tm2_DSF_degC,82.77,82.72559145977351
GDPa1-192,Tm2_DSF_degC,81.36,81.764001516451
GDPa1-193,Tm2_DSF_degC,84.87,84.02928668093612
GDPa1-194,Tm2_DSF_degC,84.045,83.00562870093017
GDPa1-195,Tm2_DSF_degC,82.78,82.67920772932679
GDPa1-196,Tm2_DSF_degC,80.58500000000001,80.64807399965252
GDPa1-198,Tm2_DSF_degC,86.58,84.3655635694809
GDPa1-200,Tm2_DSF_degC,83.905,83.23273753594769
GDPa1-201,Tm2_DSF_degC,82.80000000000001,83.03151942058439
GDPa1-202,Tm2_DSF_degC,82.07,81.88305880173745
GDPa1-203,Tm2_DSF_degC,79.875,80.87125465052308
GDPa1-205,Tm2_DSF_degC,81.55,81.6804308061244
GDPa1-206,Tm2_DSF_degC,83.03,82.95234372326327
GDPa1-207,Tm2_DSF_degC,82.85,82.4992334255212
GDPa1-209,Tm2_DSF_degC,78.25,79.62364441136614
GDPa1-210,Tm2_DSF_degC,83.825,83.7070623970108
GDPa1-213,Tm2_DSF_degC,77.825,79.5947850688429
GDPa1-215,Tm2_DSF_degC,80.875,81.77987820657353
GDPa1-217,Tm2_DSF_degC,79.85,81.37166206434935
GDPa1-218,Tm2_DSF_degC,81.56,81.58640819298986
GDPa1-219,Tm2_DSF_degC,84.02,83.15929662028503
GDPa1-220,Tm2_DSF_degC,84.65,83.70790516277226
GDPa1-221,Tm2_DSF_degC,77.78,78.91902333333327
GDPa1-222,Tm2_DSF_degC,87.965,85.85055301328794
GDPa1-223,Tm2_DSF_degC,82.66499999999999,82.71511262977985
GDPa1-224,Tm2_DSF_degC,84.565,84.02372212715174
GDPa1-225,Tm2_DSF_degC,84.89500000000001,83.84167382051515
GDPa1-226,Tm2_DSF_degC,84.42500000000001,83.73447428626844
GDPa1-230,Tm2_DSF_degC,82.745,83.02614351913917
GDPa1-232,Tm2_DSF_degC,78.32,79.62446181577299
GDPa1-233,Tm2_DSF_degC,81.78,82.21231136405576
GDPa1-235,Tm2_DSF_degC,84.465,83.85781126467002
GDPa1-237,Tm2_DSF_degC,86.03999999999999,84.01353004106333
GDPa1-238,Tm2_DSF_degC,83.405,83.37803786704023
GDPa1-239,Tm2_DSF_degC,85.13499999999999,84.29648396255878
GDPa1-240,Tm2_DSF_degC,84.535,84.08532420102136
GDPa1-241,Tm2_DSF_degC,81.855,81.99539030160466
GDPa1-244,Tm2_DSF_degC,78.73,80.05645148143213
GDPa1-245,Tm2_DSF_degC,86.18,84.81186092989104
GDPa1-246,Tm2_DSF_degC,84.89500000000001,84.26265031573685
