target,antibody_id,prediction
Titer_g/L,GDPa1-073,258.2272999999996
Titer_g/L,GDPa1-033,281.09829999999994
Titer_g/L,GDPa1-108,294.0492000000006
Titer_g/L,GDPa1-164,280.2802000000002
Titer_g/L,GDPa1-167,330.78709999999984
Titer_g/L,GDPa1-042,314.5048999999997
Titer_g/L,GDPa1-063,110.27979999999992
Titer_g/L,GDPa1-235,168.44259999999983
Titer_g/L,GDPa1-096,134.86540000000002
Titer_g/L,GDPa1-038,353.9338999999998
Titer_g/L,GDPa1-142,302.1551999999993
Titer_g/L,GDPa1-074,180.55959999999996
Titer_g/L,GDPa1-155,265.66359999999963
Titer_g/L,GDPa1-084,250.37489999999983
Titer_g/L,GDPa1-223,186.5884000000003
Titer_g/L,GDPa1-187,174.3885999999998
Titer_g/L,GDPa1-200,286.4182000000003
Titer_g/L,GDPa1-007,190.61849999999973
Titer_g/L,GDPa1-157,608.8155000000003
Titer_g/L,GDPa1-239,202.89670000000012
Titer_g/L,GDPa1-226,123.97949999999987
Titer_g/L,GDPa1-123,123.85989999999988
Titer_g/L,GDPa1-194,184.46749999999992
Titer_g/L,GDPa1-244,265.75519999999955
Titer_g/L,GDPa1-115,156.1255
Titer_g/L,GDPa1-132,302.35089999999946
Titer_g/L,GDPa1-019,344.36900000000026
Titer_g/L,GDPa1-245,302.0558999999994
Titer_g/L,GDPa1-172,192.84239999999983
Titer_g/L,GDPa1-054,261.7100999999997
Titer_g/L,GDPa1-047,295.8891000000005
Titer_g/L,GDPa1-143,244.69870000000014
Titer_g/L,GDPa1-077,380.2045999999997
Titer_g/L,GDPa1-059,227.7781000000001
Titer_g/L,GDPa1-205,265.53270000000026
Titer_g/L,GDPa1-183,198.96040000000008
Titer_g/L,GDPa1-188,119.84009999999998
Titer_g/L,GDPa1-219,190.1496999999998
Titer_g/L,GDPa1-240,308.05639999999994
Titer_g/L,GDPa1-161,373.98949999999985
Titer_g/L,GDPa1-163,668.4374999999999
Titer_g/L,GDPa1-090,140.1136000000002
Titer_g/L,GDPa1-198,174.0892999999998
Titer_g/L,GDPa1-097,293.7921000000006
Titer_g/L,GDPa1-125,133.29270000000014
Titer_g/L,GDPa1-022,290.89909999999963
Titer_g/L,GDPa1-079,295.5088000000004
Titer_g/L,GDPa1-162,319.30719999999974
Titer_g/L,GDPa1-215,203.22060000000013
Titer_g/L,GDPa1-107,302.26709999999935
Titer_g/L,GDPa1-238,261.7114999999996
Titer_g/L,GDPa1-046,236.58710000000025
Titer_g/L,GDPa1-094,203.3848999999998
Titer_g/L,GDPa1-209,312.31020000000046
Titer_g/L,GDPa1-076,627.469599999999
Titer_g/L,GDPa1-086,568.9751999999993
Titer_g/L,GDPa1-182,165.70740000000012
Titer_g/L,GDPa1-003,114.8011
Titer_g/L,GDPa1-015,364.61169999999976
Titer_g/L,GDPa1-055,474.72769999999946
Titer_g/L,GDPa1-060,345.3704000000003
Titer_g/L,GDPa1-147,249.12660000000014
Titer_g/L,GDPa1-129,153.10719999999984
Titer_g/L,GDPa1-186,353.43179999999984
Titer_g/L,GDPa1-203,179.96880000000002
Titer_g/L,GDPa1-232,340.41529999999955
Titer_g/L,GDPa1-171,154.15089999999987
Titer_g/L,GDPa1-140,656.3749999999999
Titer_g/L,GDPa1-153,190.35399999999976
Titer_g/L,GDPa1-010,291.54199999999963
Titer_g/L,GDPa1-118,163.04410000000013
Titer_g/L,GDPa1-221,327.0912000000002
Titer_g/L,GDPa1-192,170.89080000000004
Titer_g/L,GDPa1-185,184.28179999999986
Titer_g/L,GDPa1-136,319.29609999999974
Titer_g/L,GDPa1-193,210.72919999999993
Titer_g/L,GDPa1-181,210.90349999999995
Titer_g/L,GDPa1-190,191.93060000000008
Titer_g/L,GDPa1-189,302.1775999999993
Titer_g/L,GDPa1-191,221.13170000000002
Titer_g/L,GDPa1-175,295.34170000000046
Titer_g/L,GDPa1-202,193.1221999999998
Titer_g/L,GDPa1-196,395.1141999999992
Titer_g/L,GDPa1-224,226.75529999999983
Titer_g/L,GDPa1-121,286.3890000000003
Titer_g/L,GDPa1-165,340.85800000000035
Titer_g/L,GDPa1-048,212.70760000000027
Titer_g/L,GDPa1-201,211.80340000000018
Titer_g/L,GDPa1-085,314.74309999999963
Titer_g/L,GDPa1-071,203.4123
Titer_g/L,GDPa1-095,314.67219999999963
Titer_g/L,GDPa1-014,319.20029999999974
Titer_g/L,GDPa1-109,111.16859999999991
Titer_g/L,GDPa1-045,423.4075000000001
Titer_g/L,GDPa1-024,151.6914999999999
Titer_g/L,GDPa1-099,302.0905999999994
Titer_g/L,GDPa1-002,192.8024
Titer_g/L,GDPa1-111,624.0103
Titer_g/L,GDPa1-128,225.06370000000027
Titer_g/L,GDPa1-064,196.88979999999984
Titer_g/L,GDPa1-011,262.53049999999973
Titer_g/L,GDPa1-151,190.33179999999982
Titer_g/L,GDPa1-030,320.29599999999994
Titer_g/L,GDPa1-092,236.82660000000016
Titer_g/L,GDPa1-207,258.10089999999957
Titer_g/L,GDPa1-004,327.24179999999967
Titer_g/L,GDPa1-036,203.3055999999998
Titer_g/L,GDPa1-126,352.2424
Titer_g/L,GDPa1-005,314.59429999999975
Titer_g/L,GDPa1-113,296.18210000000056
Titer_g/L,GDPa1-068,278.6993
Titer_g/L,GDPa1-144,380.7836
Titer_g/L,GDPa1-206,231.93750000000014
Titer_g/L,GDPa1-081,395.8474999999997
Titer_g/L,GDPa1-082,483.4506999999995
Titer_g/L,GDPa1-116,314.1272999999997
Titer_g/L,GDPa1-170,303.1973999999994
Titer_g/L,GDPa1-105,120.26810000000006
Titer_g/L,GDPa1-021,258.9552999999996
Titer_g/L,GDPa1-230,352.5748999999999
Titer_g/L,GDPa1-056,227.95790000000005
Titer_g/L,GDPa1-061,241.41190000000017
Titer_g/L,GDPa1-146,294.05090000000064
Titer_g/L,GDPa1-031,244.67350000000013
Titer_g/L,GDPa1-241,221.67410000000015
Titer_g/L,GDPa1-075,504.38030000000043
Titer_g/L,GDPa1-246,375.21279999999985
Titer_g/L,GDPa1-027,212.67759999999984
Titer_g/L,GDPa1-006,367.90739999999977
Titer_g/L,GDPa1-177,213.39890000000028
Titer_g/L,GDPa1-029,168.09370000000018
Titer_g/L,GDPa1-220,240.8436000000004
Titer_g/L,GDPa1-067,151.94329999999994
Titer_g/L,GDPa1-176,217.60930000000016
Titer_g/L,GDPa1-052,164.63539999999975
Titer_g/L,GDPa1-020,302.1612999999994
Titer_g/L,GDPa1-237,261.78039999999964
Titer_g/L,GDPa1-001,139.9045
Titer_g/L,GDPa1-218,262.2139999999997
Titer_g/L,GDPa1-195,221.50450000000012
Titer_g/L,GDPa1-069,203.46609999999978
Titer_g/L,GDPa1-066,244.75780000000023
Titer_g/L,GDPa1-072,700.8025999999998
Titer_g/L,GDPa1-103,291.2945
Titer_g/L,GDPa1-112,217.5387000000001
Titer_g/L,GDPa1-156,155.23809999999995
Titer_g/L,GDPa1-225,186.4403999999999
Titer_g/L,GDPa1-078,213.5847000000002
Titer_g/L,GDPa1-130,240.52850000000043
Titer_g/L,GDPa1-034,362.88879999999983
Titer_g/L,GDPa1-058,308.507
Titer_g/L,GDPa1-070,177.32089999999988
Titer_g/L,GDPa1-168,364.6370999999999
Titer_g/L,GDPa1-179,265.2960999999996
Titer_g/L,GDPa1-137,163.68480000000008
AC-SINS_pH7.4_nmol/mg,GDPa1-073,-0.375
AC-SINS_pH7.4_nmol/mg,GDPa1-033,14.0975
AC-SINS_pH7.4_nmol/mg,GDPa1-108,0.12125
AC-SINS_pH7.4_nmol/mg,GDPa1-164,3.1125
AC-SINS_pH7.4_nmol/mg,GDPa1-167,15.78375
AC-SINS_pH7.4_nmol/mg,GDPa1-042,1.645
AC-SINS_pH7.4_nmol/mg,GDPa1-063,15.0625
AC-SINS_pH7.4_nmol/mg,GDPa1-235,0.0
AC-SINS_pH7.4_nmol/mg,GDPa1-096,-0.88125
AC-SINS_pH7.4_nmol/mg,GDPa1-038,14.99
AC-SINS_pH7.4_nmol/mg,GDPa1-142,1.12125
AC-SINS_pH7.4_nmol/mg,GDPa1-074,2.01375
AC-SINS_pH7.4_nmol/mg,GDPa1-155,0.61625
AC-SINS_pH7.4_nmol/mg,GDPa1-084,5.49625
AC-SINS_pH7.4_nmol/mg,GDPa1-223,0.6175
AC-SINS_pH7.4_nmol/mg,GDPa1-187,0.125
AC-SINS_pH7.4_nmol/mg,GDPa1-200,0.125
AC-SINS_pH7.4_nmol/mg,GDPa1-007,-1.385
AC-SINS_pH7.4_nmol/mg,GDPa1-157,22.0325
AC-SINS_pH7.4_nmol/mg,GDPa1-239,-0.375
AC-SINS_pH7.4_nmol/mg,GDPa1-226,1.0025
AC-SINS_pH7.4_nmol/mg,GDPa1-123,24.7375
AC-SINS_pH7.4_nmol/mg,GDPa1-194,3.05875
AC-SINS_pH7.4_nmol/mg,GDPa1-244,-1.385
AC-SINS_pH7.4_nmol/mg,GDPa1-115,-0.3775
AC-SINS_pH7.4_nmol/mg,GDPa1-132,12.95125
AC-SINS_pH7.4_nmol/mg,GDPa1-019,5.50875
AC-SINS_pH7.4_nmol/mg,GDPa1-245,0.62375
AC-SINS_pH7.4_nmol/mg,GDPa1-172,0.61875
AC-SINS_pH7.4_nmol/mg,GDPa1-054,-0.375
AC-SINS_pH7.4_nmol/mg,GDPa1-047,1.63625
AC-SINS_pH7.4_nmol/mg,GDPa1-143,20.35875
AC-SINS_pH7.4_nmol/mg,GDPa1-077,15.8625
AC-SINS_pH7.4_nmol/mg,GDPa1-059,15.565
AC-SINS_pH7.4_nmol/mg,GDPa1-205,2.60125
AC-SINS_pH7.4_nmol/mg,GDPa1-183,2.5375
AC-SINS_pH7.4_nmol/mg,GDPa1-188,6.11
AC-SINS_pH7.4_nmol/mg,GDPa1-219,17.19375
AC-SINS_pH7.4_nmol/mg,GDPa1-240,0.00375
AC-SINS_pH7.4_nmol/mg,GDPa1-161,-0.375
AC-SINS_pH7.4_nmol/mg,GDPa1-163,21.66625
AC-SINS_pH7.4_nmol/mg,GDPa1-090,0.53125
AC-SINS_pH7.4_nmol/mg,GDPa1-198,-0.375
AC-SINS_pH7.4_nmol/mg,GDPa1-097,1.0025
AC-SINS_pH7.4_nmol/mg,GDPa1-125,8.06875
AC-SINS_pH7.4_nmol/mg,GDPa1-022,14.79625
AC-SINS_pH7.4_nmol/mg,GDPa1-079,1.53875
AC-SINS_pH7.4_nmol/mg,GDPa1-162,1.12125
AC-SINS_pH7.4_nmol/mg,GDPa1-215,3.535
AC-SINS_pH7.4_nmol/mg,GDPa1-107,0.11875
AC-SINS_pH7.4_nmol/mg,GDPa1-238,15.59625
AC-SINS_pH7.4_nmol/mg,GDPa1-046,0.12125
AC-SINS_pH7.4_nmol/mg,GDPa1-094,3.80125
AC-SINS_pH7.4_nmol/mg,GDPa1-209,2.01125
AC-SINS_pH7.4_nmol/mg,GDPa1-076,3.0475
AC-SINS_pH7.4_nmol/mg,GDPa1-086,21.03
AC-SINS_pH7.4_nmol/mg,GDPa1-182,0.625
AC-SINS_pH7.4_nmol/mg,GDPa1-003,1.00875
AC-SINS_pH7.4_nmol/mg,GDPa1-015,2.60375
AC-SINS_pH7.4_nmol/mg,GDPa1-055,3.10375
AC-SINS_pH7.4_nmol/mg,GDPa1-060,1.6125
AC-SINS_pH7.4_nmol/mg,GDPa1-147,2.13
AC-SINS_pH7.4_nmol/mg,GDPa1-129,12.11625
AC-SINS_pH7.4_nmol/mg,GDPa1-186,12.5625
AC-SINS_pH7.4_nmol/mg,GDPa1-203,-0.88
AC-SINS_pH7.4_nmol/mg,GDPa1-232,10.4
AC-SINS_pH7.4_nmol/mg,GDPa1-171,-0.88125
AC-SINS_pH7.4_nmol/mg,GDPa1-140,21.6975
AC-SINS_pH7.4_nmol/mg,GDPa1-153,1.65
AC-SINS_pH7.4_nmol/mg,GDPa1-010,-0.49375
AC-SINS_pH7.4_nmol/mg,GDPa1-118,-0.37625
AC-SINS_pH7.4_nmol/mg,GDPa1-221,0.61625
AC-SINS_pH7.4_nmol/mg,GDPa1-192,22.10625
AC-SINS_pH7.4_nmol/mg,GDPa1-185,-0.3775
AC-SINS_pH7.4_nmol/mg,GDPa1-136,-0.8875
AC-SINS_pH7.4_nmol/mg,GDPa1-193,5.5925
AC-SINS_pH7.4_nmol/mg,GDPa1-181,19.02625
AC-SINS_pH7.4_nmol/mg,GDPa1-190,7.42375
AC-SINS_pH7.4_nmol/mg,GDPa1-189,3.52125
AC-SINS_pH7.4_nmol/mg,GDPa1-191,1.1225
AC-SINS_pH7.4_nmol/mg,GDPa1-175,-0.375
AC-SINS_pH7.4_nmol/mg,GDPa1-202,-0.8875
AC-SINS_pH7.4_nmol/mg,GDPa1-196,-0.375
AC-SINS_pH7.4_nmol/mg,GDPa1-224,10.5325
AC-SINS_pH7.4_nmol/mg,GDPa1-121,27.3325
AC-SINS_pH7.4_nmol/mg,GDPa1-165,7.54625
AC-SINS_pH7.4_nmol/mg,GDPa1-048,1.6225
AC-SINS_pH7.4_nmol/mg,GDPa1-201,10.67
AC-SINS_pH7.4_nmol/mg,GDPa1-085,-0.3775
AC-SINS_pH7.4_nmol/mg,GDPa1-071,0.61875
AC-SINS_pH7.4_nmol/mg,GDPa1-095,1.0075
AC-SINS_pH7.4_nmol/mg,GDPa1-014,8.28875
AC-SINS_pH7.4_nmol/mg,GDPa1-109,-0.375
AC-SINS_pH7.4_nmol/mg,GDPa1-045,15.605
AC-SINS_pH7.4_nmol/mg,GDPa1-024,17.24875
AC-SINS_pH7.4_nmol/mg,GDPa1-099,2.05375
AC-SINS_pH7.4_nmol/mg,GDPa1-002,1.5525
AC-SINS_pH7.4_nmol/mg,GDPa1-111,19.2325
AC-SINS_pH7.4_nmol/mg,GDPa1-128,1.99625
AC-SINS_pH7.4_nmol/mg,GDPa1-064,4.515
AC-SINS_pH7.4_nmol/mg,GDPa1-011,18.9525
AC-SINS_pH7.4_nmol/mg,GDPa1-151,2.57125
AC-SINS_pH7.4_nmol/mg,GDPa1-030,0.1225
AC-SINS_pH7.4_nmol/mg,GDPa1-092,3.64875
AC-SINS_pH7.4_nmol/mg,GDPa1-207,8.71625
AC-SINS_pH7.4_nmol/mg,GDPa1-004,-0.375
AC-SINS_pH7.4_nmol/mg,GDPa1-036,-0.885
AC-SINS_pH7.4_nmol/mg,GDPa1-126,-0.375
AC-SINS_pH7.4_nmol/mg,GDPa1-005,7.3925
AC-SINS_pH7.4_nmol/mg,GDPa1-113,7.29375
AC-SINS_pH7.4_nmol/mg,GDPa1-068,-0.8825
AC-SINS_pH7.4_nmol/mg,GDPa1-144,0.6075
AC-SINS_pH7.4_nmol/mg,GDPa1-206,0.615
AC-SINS_pH7.4_nmol/mg,GDPa1-081,2.51625
AC-SINS_pH7.4_nmol/mg,GDPa1-082,-0.375
AC-SINS_pH7.4_nmol/mg,GDPa1-116,0.62375
AC-SINS_pH7.4_nmol/mg,GDPa1-170,-0.375
AC-SINS_pH7.4_nmol/mg,GDPa1-105,-0.4925
AC-SINS_pH7.4_nmol/mg,GDPa1-021,-1.405
AC-SINS_pH7.4_nmol/mg,GDPa1-230,1.00375
AC-SINS_pH7.4_nmol/mg,GDPa1-056,0.61625
AC-SINS_pH7.4_nmol/mg,GDPa1-061,7.9275
AC-SINS_pH7.4_nmol/mg,GDPa1-146,2.1125
AC-SINS_pH7.4_nmol/mg,GDPa1-031,-1.40125
AC-SINS_pH7.4_nmol/mg,GDPa1-241,-0.375
AC-SINS_pH7.4_nmol/mg,GDPa1-075,11.06875
AC-SINS_pH7.4_nmol/mg,GDPa1-246,28.42375
AC-SINS_pH7.4_nmol/mg,GDPa1-027,20.2
AC-SINS_pH7.4_nmol/mg,GDPa1-006,26.9875
AC-SINS_pH7.4_nmol/mg,GDPa1-177,0.0
AC-SINS_pH7.4_nmol/mg,GDPa1-029,20.21625
AC-SINS_pH7.4_nmol/mg,GDPa1-220,27.11625
AC-SINS_pH7.4_nmol/mg,GDPa1-067,0.005
AC-SINS_pH7.4_nmol/mg,GDPa1-176,0.125
AC-SINS_pH7.4_nmol/mg,GDPa1-052,-0.88
AC-SINS_pH7.4_nmol/mg,GDPa1-020,0.6225
AC-SINS_pH7.4_nmol/mg,GDPa1-237,-0.88125
AC-SINS_pH7.4_nmol/mg,GDPa1-001,2.0975
AC-SINS_pH7.4_nmol/mg,GDPa1-218,-0.375
AC-SINS_pH7.4_nmol/mg,GDPa1-195,28.15875
AC-SINS_pH7.4_nmol/mg,GDPa1-069,-0.48875
AC-SINS_pH7.4_nmol/mg,GDPa1-066,-0.375
AC-SINS_pH7.4_nmol/mg,GDPa1-072,22.59625
AC-SINS_pH7.4_nmol/mg,GDPa1-103,15.9025
AC-SINS_pH7.4_nmol/mg,GDPa1-112,3.20125
AC-SINS_pH7.4_nmol/mg,GDPa1-156,-0.375
AC-SINS_pH7.4_nmol/mg,GDPa1-225,2.115
AC-SINS_pH7.4_nmol/mg,GDPa1-078,19.05875
AC-SINS_pH7.4_nmol/mg,GDPa1-130,-0.49
AC-SINS_pH7.4_nmol/mg,GDPa1-034,14.09625
AC-SINS_pH7.4_nmol/mg,GDPa1-058,1.0025
AC-SINS_pH7.4_nmol/mg,GDPa1-070,0.12375
AC-SINS_pH7.4_nmol/mg,GDPa1-168,-1.405
AC-SINS_pH7.4_nmol/mg,GDPa1-179,-1.66
AC-SINS_pH7.4_nmol/mg,GDPa1-137,-0.87875
HIC_delta_G_ML,GDPa1-073,2.788549999999999
HIC_delta_G_ML,GDPa1-033,2.4991500000000006
HIC_delta_G_ML,GDPa1-108,2.6346499999999975
HIC_delta_G_ML,GDPa1-164,2.9013000000000004
HIC_delta_G_ML,GDPa1-167,2.8184499999999972
HIC_delta_G_ML,GDPa1-042,3.1800500000000027
HIC_delta_G_ML,GDPa1-063,2.912
HIC_delta_G_ML,GDPa1-235,2.450899999999996
HIC_delta_G_ML,GDPa1-096,2.5391999999999983
HIC_delta_G_ML,GDPa1-038,2.6600999999999986
HIC_delta_G_ML,GDPa1-142,2.809500000000001
HIC_delta_G_ML,GDPa1-074,3.5974499999999967
HIC_delta_G_ML,GDPa1-155,2.734575000000005
HIC_delta_G_ML,GDPa1-084,3.336700000000002
HIC_delta_G_ML,GDPa1-223,3.099600000000001
HIC_delta_G_ML,GDPa1-187,2.6334999999999966
HIC_delta_G_ML,GDPa1-200,2.495950000000002
HIC_delta_G_ML,GDPa1-007,2.450549999999997
HIC_delta_G_ML,GDPa1-157,2.9582500000000023
HIC_delta_G_ML,GDPa1-239,2.7771999999999997
HIC_delta_G_ML,GDPa1-226,2.5447999999999964
HIC_delta_G_ML,GDPa1-123,2.4407500000000004
HIC_delta_G_ML,GDPa1-194,3.0519500000000046
HIC_delta_G_ML,GDPa1-244,2.5894500000000016
HIC_delta_G_ML,GDPa1-115,2.9745000000000004
HIC_delta_G_ML,GDPa1-132,2.9606999999999988
HIC_delta_G_ML,GDPa1-019,2.7910999999999997
HIC_delta_G_ML,GDPa1-245,2.6613499999999988
HIC_delta_G_ML,GDPa1-172,2.5595000000000003
HIC_delta_G_ML,GDPa1-054,2.5797500000000038
HIC_delta_G_ML,GDPa1-047,2.462900000000002
HIC_delta_G_ML,GDPa1-143,2.4491499999999977
HIC_delta_G_ML,GDPa1-077,2.8271999999999986
HIC_delta_G_ML,GDPa1-059,2.743975000000002
HIC_delta_G_ML,GDPa1-205,2.838900000000001
HIC_delta_G_ML,GDPa1-183,2.837300000000001
HIC_delta_G_ML,GDPa1-188,3.410850000000003
HIC_delta_G_ML,GDPa1-219,2.4635500000000015
HIC_delta_G_ML,GDPa1-240,3.093800000000003
HIC_delta_G_ML,GDPa1-161,2.758949999999997
HIC_delta_G_ML,GDPa1-163,2.516100000000002
HIC_delta_G_ML,GDPa1-090,3.0675499999999967
HIC_delta_G_ML,GDPa1-198,2.620250000000002
HIC_delta_G_ML,GDPa1-097,3.420949999999999
HIC_delta_G_ML,GDPa1-125,3.7351000000000023
HIC_delta_G_ML,GDPa1-022,2.7207500000000007
HIC_delta_G_ML,GDPa1-079,2.5849500000000027
HIC_delta_G_ML,GDPa1-162,2.6064999999999987
HIC_delta_G_ML,GDPa1-215,3.056950000000001
HIC_delta_G_ML,GDPa1-107,2.794449999999998
HIC_delta_G_ML,GDPa1-238,2.5846500000000026
HIC_delta_G_ML,GDPa1-046,2.687100000000001
HIC_delta_G_ML,GDPa1-094,2.586000000000001
HIC_delta_G_ML,GDPa1-209,3.060000000000002
HIC_delta_G_ML,GDPa1-076,3.703350000000003
HIC_delta_G_ML,GDPa1-086,2.986350000000003
HIC_delta_G_ML,GDPa1-182,3.0559500000000037
HIC_delta_G_ML,GDPa1-003,2.703625000000003
HIC_delta_G_ML,GDPa1-015,3.1405500000000033
HIC_delta_G_ML,GDPa1-055,2.731824999999999
HIC_delta_G_ML,GDPa1-060,2.7096750000000003
HIC_delta_G_ML,GDPa1-147,3.011699999999998
HIC_delta_G_ML,GDPa1-129,2.5542000000000034
HIC_delta_G_ML,GDPa1-186,2.6739500000000027
HIC_delta_G_ML,GDPa1-203,2.7444250000000023
HIC_delta_G_ML,GDPa1-232,3.0697499999999973
HIC_delta_G_ML,GDPa1-171,2.7375750000000028
HIC_delta_G_ML,GDPa1-140,2.7343250000000046
HIC_delta_G_ML,GDPa1-153,2.945899999999997
HIC_delta_G_ML,GDPa1-010,3.1644499999999987
HIC_delta_G_ML,GDPa1-118,2.615300000000003
HIC_delta_G_ML,GDPa1-221,2.780599999999999
HIC_delta_G_ML,GDPa1-192,2.6502000000000008
HIC_delta_G_ML,GDPa1-185,2.514749999999996
HIC_delta_G_ML,GDPa1-136,2.569649999999996
HIC_delta_G_ML,GDPa1-193,2.8633000000000055
HIC_delta_G_ML,GDPa1-181,2.6111500000000047
HIC_delta_G_ML,GDPa1-190,2.844800000000002
HIC_delta_G_ML,GDPa1-189,3.164099999999998
HIC_delta_G_ML,GDPa1-191,3.3338000000000005
HIC_delta_G_ML,GDPa1-175,2.814999999999999
HIC_delta_G_ML,GDPa1-202,3.1117000000000035
HIC_delta_G_ML,GDPa1-196,2.565749999999998
HIC_delta_G_ML,GDPa1-224,3.082299999999999
HIC_delta_G_ML,GDPa1-121,2.4995999999999996
HIC_delta_G_ML,GDPa1-165,2.505499999999998
HIC_delta_G_ML,GDPa1-048,2.5096999999999965
HIC_delta_G_ML,GDPa1-201,2.569549999999997
HIC_delta_G_ML,GDPa1-085,2.6203500000000033
HIC_delta_G_ML,GDPa1-071,2.795099999999997
HIC_delta_G_ML,GDPa1-095,2.4644000000000013
HIC_delta_G_ML,GDPa1-014,3.739249999999999
HIC_delta_G_ML,GDPa1-109,2.9402499999999994
HIC_delta_G_ML,GDPa1-045,3.287749999999995
HIC_delta_G_ML,GDPa1-024,2.4463499999999976
HIC_delta_G_ML,GDPa1-099,2.544499999999997
HIC_delta_G_ML,GDPa1-002,2.5451499999999956
HIC_delta_G_ML,GDPa1-111,2.7594749999999975
HIC_delta_G_ML,GDPa1-128,2.5152999999999945
HIC_delta_G_ML,GDPa1-064,2.630049999999997
HIC_delta_G_ML,GDPa1-011,2.809650000000001
HIC_delta_G_ML,GDPa1-151,2.8078500000000024
HIC_delta_G_ML,GDPa1-030,4.3265
HIC_delta_G_ML,GDPa1-092,2.9759999999999995
HIC_delta_G_ML,GDPa1-207,3.167150000000002
HIC_delta_G_ML,GDPa1-004,2.5660499999999984
HIC_delta_G_ML,GDPa1-036,2.5657499999999978
HIC_delta_G_ML,GDPa1-126,3.0550500000000027
HIC_delta_G_ML,GDPa1-005,2.4952000000000014
HIC_delta_G_ML,GDPa1-113,3.203900000000003
HIC_delta_G_ML,GDPa1-068,2.6158500000000036
HIC_delta_G_ML,GDPa1-144,2.6934999999999976
HIC_delta_G_ML,GDPa1-206,2.6094500000000043
HIC_delta_G_ML,GDPa1-081,2.862150000000004
HIC_delta_G_ML,GDPa1-082,2.6610999999999985
HIC_delta_G_ML,GDPa1-116,2.460700000000001
HIC_delta_G_ML,GDPa1-170,2.607849999999998
HIC_delta_G_ML,GDPa1-105,3.0113999999999987
HIC_delta_G_ML,GDPa1-021,2.734150000000005
HIC_delta_G_ML,GDPa1-230,2.6743500000000036
HIC_delta_G_ML,GDPa1-056,2.669549999999997
HIC_delta_G_ML,GDPa1-061,2.960749999999999
HIC_delta_G_ML,GDPa1-146,2.748875
HIC_delta_G_ML,GDPa1-031,3.0259000000000005
HIC_delta_G_ML,GDPa1-241,3.164750000000002
HIC_delta_G_ML,GDPa1-075,2.5448499999999954
HIC_delta_G_ML,GDPa1-246,2.53005
HIC_delta_G_ML,GDPa1-027,2.6007999999999982
HIC_delta_G_ML,GDPa1-006,2.459600000000001
HIC_delta_G_ML,GDPa1-177,2.565849999999998
HIC_delta_G_ML,GDPa1-029,2.760549999999997
HIC_delta_G_ML,GDPa1-220,2.575049999999996
HIC_delta_G_ML,GDPa1-067,3.461999999999999
HIC_delta_G_ML,GDPa1-176,2.538849999999998
HIC_delta_G_ML,GDPa1-052,2.590550000000002
HIC_delta_G_ML,GDPa1-020,2.90925
HIC_delta_G_ML,GDPa1-237,2.5801000000000034
HIC_delta_G_ML,GDPa1-001,2.590000000000002
HIC_delta_G_ML,GDPa1-218,2.6874500000000006
HIC_delta_G_ML,GDPa1-195,2.670199999999997
HIC_delta_G_ML,GDPa1-069,2.91485
HIC_delta_G_ML,GDPa1-066,2.5030499999999987
HIC_delta_G_ML,GDPa1-072,2.7888
HIC_delta_G_ML,GDPa1-103,3.1949
HIC_delta_G_ML,GDPa1-112,2.630399999999997
HIC_delta_G_ML,GDPa1-156,2.9304000000000037
HIC_delta_G_ML,GDPa1-225,2.623550000000001
HIC_delta_G_ML,GDPa1-078,2.481300000000004
HIC_delta_G_ML,GDPa1-130,2.980750000000004
HIC_delta_G_ML,GDPa1-034,2.868400000000004
HIC_delta_G_ML,GDPa1-058,2.534649999999998
HIC_delta_G_ML,GDPa1-070,2.843450000000003
HIC_delta_G_ML,GDPa1-168,2.5698999999999965
HIC_delta_G_ML,GDPa1-179,2.4811499999999973
HIC_delta_G_ML,GDPa1-137,2.4931000000000028
PR_CHO,GDPa1-073,0.0
PR_CHO,GDPa1-033,0.4502693356299995
PR_CHO,GDPa1-108,0.09558390325000005
PR_CHO,GDPa1-164,0.10198629912
PR_CHO,GDPa1-167,0.43567743533000036
PR_CHO,GDPa1-042,0.0
PR_CHO,GDPa1-063,0.16140295325999968
PR_CHO,GDPa1-235,0.1691768686499998
PR_CHO,GDPa1-096,0.0
PR_CHO,GDPa1-038,0.3787445951899997
PR_CHO,GDPa1-142,0.1018767675000001
PR_CHO,GDPa1-074,0.33018172544000024
PR_CHO,GDPa1-155,0.00051235197
PR_CHO,GDPa1-084,0.30026615614000024
PR_CHO,GDPa1-223,0.05318632467999998
PR_CHO,GDPa1-187,0.0
PR_CHO,GDPa1-200,0.0
PR_CHO,GDPa1-007,0.16549163492000024
PR_CHO,GDPa1-157,0.12431790814999978
PR_CHO,GDPa1-239,0.0
PR_CHO,GDPa1-226,0.17378317963000012
PR_CHO,GDPa1-123,0.33274698549999976
PR_CHO,GDPa1-194,0.38003252550999966
PR_CHO,GDPa1-244,0.0
PR_CHO,GDPa1-115,0.00051235197
PR_CHO,GDPa1-132,0.31947887810999986
PR_CHO,GDPa1-019,0.35856956809999974
PR_CHO,GDPa1-245,0.3989636009300004
PR_CHO,GDPa1-172,0.10272765133000003
PR_CHO,GDPa1-054,0.12419431073999981
PR_CHO,GDPa1-047,0.35354979205
PR_CHO,GDPa1-143,0.40190089572000026
PR_CHO,GDPa1-077,0.23920840325000006
PR_CHO,GDPa1-059,0.34448737295000015
PR_CHO,GDPa1-205,0.11742255812999985
PR_CHO,GDPa1-183,0.0
PR_CHO,GDPa1-188,0.16433266041999978
PR_CHO,GDPa1-219,0.34228103413999983
PR_CHO,GDPa1-240,0.10044531642999992
PR_CHO,GDPa1-161,0.1014347971899999
PR_CHO,GDPa1-163,0.35329120184999985
PR_CHO,GDPa1-090,0.1007096499199999
PR_CHO,GDPa1-198,0.04077778643999995
PR_CHO,GDPa1-097,0.10038376471999991
PR_CHO,GDPa1-125,0.4587747369700005
PR_CHO,GDPa1-022,0.33766585319999975
PR_CHO,GDPa1-079,0.26114682534000017
PR_CHO,GDPa1-162,0.10287452594000016
PR_CHO,GDPa1-215,0.3772507111100005
PR_CHO,GDPa1-107,0.21899720799999994
PR_CHO,GDPa1-238,0.11881585682999987
PR_CHO,GDPa1-046,0.10024230176000001
PR_CHO,GDPa1-094,0.41452229411000013
PR_CHO,GDPa1-209,0.23020207931999984
PR_CHO,GDPa1-076,0.10013850403999996
PR_CHO,GDPa1-086,0.00017078399
PR_CHO,GDPa1-182,0.0
PR_CHO,GDPa1-003,0.14057159075000014
PR_CHO,GDPa1-015,0.05782141589000003
PR_CHO,GDPa1-055,0.35963491360000005
PR_CHO,GDPa1-060,0.0
PR_CHO,GDPa1-147,0.3599122826800002
PR_CHO,GDPa1-129,0.2740578883900004
PR_CHO,GDPa1-186,0.0
PR_CHO,GDPa1-203,0.0
PR_CHO,GDPa1-232,0.0
PR_CHO,GDPa1-171,0.0
PR_CHO,GDPa1-140,0.4057235672699997
PR_CHO,GDPa1-153,0.3706944993699997
PR_CHO,GDPa1-010,0.17800881576999983
PR_CHO,GDPa1-118,0.11628438776999982
PR_CHO,GDPa1-221,0.0
PR_CHO,GDPa1-192,0.35770693231
PR_CHO,GDPa1-185,0.14217124271999992
PR_CHO,GDPa1-136,0.0
PR_CHO,GDPa1-193,0.3442766830400001
PR_CHO,GDPa1-181,0.2924661741400001
PR_CHO,GDPa1-190,0.3720250685200001
PR_CHO,GDPa1-189,0.44145603651999976
PR_CHO,GDPa1-191,0.31883137652000054
PR_CHO,GDPa1-175,0.0
PR_CHO,GDPa1-202,0.0
PR_CHO,GDPa1-196,0.0
PR_CHO,GDPa1-224,0.31782569015999984
PR_CHO,GDPa1-121,0.10132082577000007
PR_CHO,GDPa1-165,0.0
PR_CHO,GDPa1-048,0.0
PR_CHO,GDPa1-201,0.0
PR_CHO,GDPa1-085,0.0
PR_CHO,GDPa1-071,0.0
PR_CHO,GDPa1-095,0.2554319149899997
PR_CHO,GDPa1-014,0.00051235197
PR_CHO,GDPa1-109,0.0
PR_CHO,GDPa1-045,0.30061701530000023
PR_CHO,GDPa1-024,0.35725050434999994
PR_CHO,GDPa1-099,0.3284761717699996
PR_CHO,GDPa1-002,0.20401864395000008
PR_CHO,GDPa1-111,0.3970450167699996
PR_CHO,GDPa1-128,0.0
PR_CHO,GDPa1-064,0.0
PR_CHO,GDPa1-011,0.16705514440999975
PR_CHO,GDPa1-151,0.2065245163000001
PR_CHO,GDPa1-030,0.23462902892999996
PR_CHO,GDPa1-092,0.5156341417999994
PR_CHO,GDPa1-207,0.3514285006099998
PR_CHO,GDPa1-004,0.0
PR_CHO,GDPa1-036,0.20959402080999986
PR_CHO,GDPa1-126,0.14402181244000015
PR_CHO,GDPa1-005,0.1778543533400001
PR_CHO,GDPa1-113,0.10241193856000005
PR_CHO,GDPa1-068,0.0
PR_CHO,GDPa1-144,0.3745069197499996
PR_CHO,GDPa1-206,0.1749455295200001
PR_CHO,GDPa1-081,0.10054770774999994
PR_CHO,GDPa1-082,0.0
PR_CHO,GDPa1-116,0.2089887256899999
PR_CHO,GDPa1-170,0.0
PR_CHO,GDPa1-105,0.1003725752999999
PR_CHO,GDPa1-021,0.0
PR_CHO,GDPa1-230,0.0
PR_CHO,GDPa1-056,0.0
PR_CHO,GDPa1-061,0.00051235197
PR_CHO,GDPa1-146,0.10222671874000008
PR_CHO,GDPa1-031,0.1422523438799999
PR_CHO,GDPa1-241,0.0
PR_CHO,GDPa1-075,0.3724745913600003
PR_CHO,GDPa1-246,0.1333731006799998
PR_CHO,GDPa1-027,0.39453646824000027
PR_CHO,GDPa1-006,0.3380927984299998
PR_CHO,GDPa1-177,0.0
PR_CHO,GDPa1-029,0.4595164051000005
PR_CHO,GDPa1-220,0.21558069044999992
PR_CHO,GDPa1-067,0.0
PR_CHO,GDPa1-176,0.3507785916300001
PR_CHO,GDPa1-052,0.0
PR_CHO,GDPa1-020,0.2142958386000003
PR_CHO,GDPa1-237,0.16204524100000006
PR_CHO,GDPa1-001,0.3370654356999998
PR_CHO,GDPa1-218,0.0
PR_CHO,GDPa1-195,0.05959281212000006
PR_CHO,GDPa1-069,0.0
PR_CHO,GDPa1-066,0.10886330785999995
PR_CHO,GDPa1-072,0.4541631995700004
PR_CHO,GDPa1-103,0.4275310895499998
PR_CHO,GDPa1-112,0.14200154654000005
PR_CHO,GDPa1-156,0.33514001445000025
PR_CHO,GDPa1-225,0.0
PR_CHO,GDPa1-078,0.14172470559999992
PR_CHO,GDPa1-130,0.00051235197
PR_CHO,GDPa1-034,0.10646476571999988
PR_CHO,GDPa1-058,0.20702048086999977
PR_CHO,GDPa1-070,0.053094528379999985
PR_CHO,GDPa1-168,0.11685549029000006
PR_CHO,GDPa1-179,0.0
PR_CHO,GDPa1-137,0.3997294201899995
Tm2_DSF_degC,GDPa1-073,83.71089999999998
Tm2_DSF_degC,GDPa1-033,78.98209999999993
Tm2_DSF_degC,GDPa1-108,87.98459999999992
Tm2_DSF_degC,GDPa1-164,80.60780000000007
Tm2_DSF_degC,GDPa1-167,84.14180000000006
Tm2_DSF_degC,GDPa1-042,86.06459999999994
Tm2_DSF_degC,GDPa1-063,79.97709999999992
Tm2_DSF_degC,GDPa1-235,84.44885000000005
Tm2_DSF_degC,GDPa1-096,82.0157000000001
Tm2_DSF_degC,GDPa1-038,77.79565000000007
Tm2_DSF_degC,GDPa1-142,75.35165000000005
Tm2_DSF_degC,GDPa1-074,80.65704999999997
Tm2_DSF_degC,GDPa1-155,83.09274999999985
Tm2_DSF_degC,GDPa1-084,80.30709999999996
Tm2_DSF_degC,GDPa1-223,82.64329999999998
Tm2_DSF_degC,GDPa1-187,84.85604999999998
Tm2_DSF_degC,GDPa1-200,83.92159999999998
Tm2_DSF_degC,GDPa1-007,80.7244
Tm2_DSF_degC,GDPa1-157,77.28114999999995
Tm2_DSF_degC,GDPa1-239,85.12500000000009
Tm2_DSF_degC,GDPa1-226,84.39880000000011
Tm2_DSF_degC,GDPa1-123,80.54405000000011
Tm2_DSF_degC,GDPa1-194,84.06835000000008
Tm2_DSF_degC,GDPa1-244,78.82194999999983
Tm2_DSF_degC,GDPa1-115,83.61209999999991
Tm2_DSF_degC,GDPa1-132,85.24584999999992
Tm2_DSF_degC,GDPa1-019,84.49230000000009
Tm2_DSF_degC,GDPa1-245,86.13340000000008
Tm2_DSF_degC,GDPa1-172,85.06935000000001
Tm2_DSF_degC,GDPa1-054,77.68445000000006
Tm2_DSF_degC,GDPa1-047,76.33070000000009
Tm2_DSF_degC,GDPa1-143,82.32009999999998
Tm2_DSF_degC,GDPa1-077,75.26375000000006
Tm2_DSF_degC,GDPa1-059,84.34250000000007
Tm2_DSF_degC,GDPa1-205,81.54985000000009
Tm2_DSF_degC,GDPa1-183,85.73379999999999
Tm2_DSF_degC,GDPa1-188,86.66040000000001
Tm2_DSF_degC,GDPa1-219,84.01900000000016
Tm2_DSF_degC,GDPa1-240,84.50684999999994
Tm2_DSF_degC,GDPa1-161,83.95450000000001
Tm2_DSF_degC,GDPa1-163,79.11790000000006
Tm2_DSF_degC,GDPa1-090,76.19074999999992
Tm2_DSF_degC,GDPa1-198,86.66779999999997
Tm2_DSF_degC,GDPa1-097,75.35499999999989
Tm2_DSF_degC,GDPa1-125,75.23510000000009
Tm2_DSF_degC,GDPa1-022,82.02359999999993
Tm2_DSF_degC,GDPa1-079,82.04970000000007
Tm2_DSF_degC,GDPa1-162,83.74960000000011
Tm2_DSF_degC,GDPa1-215,80.81439999999999
Tm2_DSF_degC,GDPa1-107,84.3462000000001
Tm2_DSF_degC,GDPa1-238,83.44254999999994
Tm2_DSF_degC,GDPa1-046,85.11189999999992
Tm2_DSF_degC,GDPa1-094,85.8860999999999
Tm2_DSF_degC,GDPa1-209,78.27010000000001
Tm2_DSF_degC,GDPa1-076,83.06390000000003
Tm2_DSF_degC,GDPa1-086,80.63294999999997
Tm2_DSF_degC,GDPa1-182,80.69185000000009
Tm2_DSF_degC,GDPa1-003,85.06604999999996
Tm2_DSF_degC,GDPa1-015,83.39615000000003
Tm2_DSF_degC,GDPa1-055,82.63534999999995
Tm2_DSF_degC,GDPa1-060,80.78199999999997
Tm2_DSF_degC,GDPa1-147,83.78124999999993
Tm2_DSF_degC,GDPa1-129,80.00400000000009
Tm2_DSF_degC,GDPa1-186,83.06294999999999
Tm2_DSF_degC,GDPa1-203,79.9078
Tm2_DSF_degC,GDPa1-232,78.3235499999999
Tm2_DSF_degC,GDPa1-171,83.68715000000002
Tm2_DSF_degC,GDPa1-140,81.96259999999995
Tm2_DSF_degC,GDPa1-153,84.00619999999998
Tm2_DSF_degC,GDPa1-010,81.51305000000008
Tm2_DSF_degC,GDPa1-118,82.51735000000014
Tm2_DSF_degC,GDPa1-221,77.75409999999994
Tm2_DSF_degC,GDPa1-192,81.42139999999992
Tm2_DSF_degC,GDPa1-185,85.15649999999992
Tm2_DSF_degC,GDPa1-136,84.05424999999995
Tm2_DSF_degC,GDPa1-193,84.86154999999995
Tm2_DSF_degC,GDPa1-181,84.84379999999996
Tm2_DSF_degC,GDPa1-190,76.15389999999988
Tm2_DSF_degC,GDPa1-189,77.24400000000009
Tm2_DSF_degC,GDPa1-191,82.77310000000016
Tm2_DSF_degC,GDPa1-175,82.32840000000006
Tm2_DSF_degC,GDPa1-202,82.03174999999996
Tm2_DSF_degC,GDPa1-196,80.59050000000003
Tm2_DSF_degC,GDPa1-224,84.52749999999995
Tm2_DSF_degC,GDPa1-121,86.92100000000013
Tm2_DSF_degC,GDPa1-165,81.49639999999992
Tm2_DSF_degC,GDPa1-048,83.61865000000002
Tm2_DSF_degC,GDPa1-201,82.80000000000013
Tm2_DSF_degC,GDPa1-085,82.11584999999994
Tm2_DSF_degC,GDPa1-071,81.55825000000009
Tm2_DSF_degC,GDPa1-095,83.01484999999995
Tm2_DSF_degC,GDPa1-014,85.72309999999992
Tm2_DSF_degC,GDPa1-109,84.33070000000015
Tm2_DSF_degC,GDPa1-045,83.44349999999993
Tm2_DSF_degC,GDPa1-024,84.89370000000008
Tm2_DSF_degC,GDPa1-099,83.57749999999989
Tm2_DSF_degC,GDPa1-002,80.29999999999997
Tm2_DSF_degC,GDPa1-111,78.36224999999992
Tm2_DSF_degC,GDPa1-128,84.84350000000009
Tm2_DSF_degC,GDPa1-064,84.79949999999995
Tm2_DSF_degC,GDPa1-011,82.97375000000004
Tm2_DSF_degC,GDPa1-151,81.89184999999993
Tm2_DSF_degC,GDPa1-030,80.62670000000011
Tm2_DSF_degC,GDPa1-092,75.95339999999993
Tm2_DSF_degC,GDPa1-207,82.83285000000012
Tm2_DSF_degC,GDPa1-004,75.91045000000003
Tm2_DSF_degC,GDPa1-036,82.4304500000001
Tm2_DSF_degC,GDPa1-126,80.65840000000006
Tm2_DSF_degC,GDPa1-005,84.84895000000007
Tm2_DSF_degC,GDPa1-113,77.57170000000005
Tm2_DSF_degC,GDPa1-068,77.29825000000001
Tm2_DSF_degC,GDPa1-144,83.80274999999989
Tm2_DSF_degC,GDPa1-206,83.04154999999999
Tm2_DSF_degC,GDPa1-081,79.88145000000004
Tm2_DSF_degC,GDPa1-082,79.92485000000005
Tm2_DSF_degC,GDPa1-116,84.33300000000014
Tm2_DSF_degC,GDPa1-170,82.45234999999995
Tm2_DSF_degC,GDPa1-105,77.54944999999998
Tm2_DSF_degC,GDPa1-021,86.6922000000001
Tm2_DSF_degC,GDPa1-230,82.75849999999997
Tm2_DSF_degC,GDPa1-056,85.07024999999987
Tm2_DSF_degC,GDPa1-061,75.86434999999992
Tm2_DSF_degC,GDPa1-146,81.41899999999993
Tm2_DSF_degC,GDPa1-031,86.03095000000006
Tm2_DSF_degC,GDPa1-241,81.85769999999984
Tm2_DSF_degC,GDPa1-075,83.70129999999997
Tm2_DSF_degC,GDPa1-246,84.88625000000016
Tm2_DSF_degC,GDPa1-027,81.66699999999996
Tm2_DSF_degC,GDPa1-006,86.17405000000002
Tm2_DSF_degC,GDPa1-177,84.33615
Tm2_DSF_degC,GDPa1-029,77.49445000000001
Tm2_DSF_degC,GDPa1-220,84.67049999999989
Tm2_DSF_degC,GDPa1-067,82.85085000000002
Tm2_DSF_degC,GDPa1-176,83.2332499999999
Tm2_DSF_degC,GDPa1-052,81.68264999999991
Tm2_DSF_degC,GDPa1-020,79.20365000000007
Tm2_DSF_degC,GDPa1-237,86.08105000000003
Tm2_DSF_degC,GDPa1-001,83.07014999999996
Tm2_DSF_degC,GDPa1-218,81.54705000000011
Tm2_DSF_degC,GDPa1-195,82.77939999999997
Tm2_DSF_degC,GDPa1-069,85.68494999999997
Tm2_DSF_degC,GDPa1-066,86.77014999999994
Tm2_DSF_degC,GDPa1-072,75.81435000000008
Tm2_DSF_degC,GDPa1-103,83.95510000000012
Tm2_DSF_degC,GDPa1-112,85.05764999999994
Tm2_DSF_degC,GDPa1-156,84.12695000000016
Tm2_DSF_degC,GDPa1-225,84.88295000000016
Tm2_DSF_degC,GDPa1-078,84.1259500000001
Tm2_DSF_degC,GDPa1-130,83.52419999999992
Tm2_DSF_degC,GDPa1-034,77.2305000000001
Tm2_DSF_degC,GDPa1-058,82.344
Tm2_DSF_degC,GDPa1-070,84.12270000000011
Tm2_DSF_degC,GDPa1-168,85.20535000000001
Tm2_DSF_degC,GDPa1-179,82.31260000000016
Tm2_DSF_degC,GDPa1-137,82.95805000000007
